pdb_id;bmrb_id
1A2I;5625
1A3P;4201
1A5J;4114
1A5J;5517
1AXH;5702
1AXH;6192
1AXH;6194
1AYG;5086
1AZP;5905
1AZP;5908
1AZQ;5905
1AZQ;5908
1B1V;4292
1B2I;4276
1B2T;4397
1B3I;4414
1B4C;5544
1B4G;4476
1B4I;4477
1B4O;4570
1B6F;4417
1B75;4395
1BA5;4210
1BA9;4202
1BBG;4211
1BCI;4188
1BD6;4268
1BFY;4182
1BH1;4194
1BHI;4216
1BHU;4217
1BIG;4190
1BJX;4156
1BKU;4219
1BLQ;4401
1BLR;4186
1BM4;4221
1BM6;4173
1BMX;4220
1BNZ;5909
1BNZ;5910
1BO0;4177
1BQ0;4228
1BQX;4229
1BQZ;4227
1BTA;5293
1BUQ;4230
1BV2;4917
1BWE;4231
1BYV;4260
1BZB;4261
1BZF;4262
1C05;4577
1C15;4661
1C3T;4663
1C49;4760
1C8C;5909
1C8C;5910
1CB3;4483
1CB9;4419
1CCQ;4418
1CCV;4422
1CE3;4487
1CEJ;4437
1CF4;4700
1CI5;4455
1CIX;5268
1CKV;4431
1CKW;4595
1CKX;4596
1CKY;4597
1CKZ;4598
1CN2;4218
1CNL;4399
1CNN;4500
1COU;4396
1CR8;4475
1CWX;4669
1CX1;4706
1CXR;4509
1CXW;4510
1D1E;5215
1D1F;5216
1D1O;4581
1D2L;4514
1D3Z;5387
1D4B;4574
1D5G;4516
1D7Q;4519
1D8B;4445
1D8J;4721
1D9S;4701
1DAQ;4524
1DC7;4527
1DC8;4528
1DF6;4461
1DGQ;4553
1DKC;4615
1DLZ;4601
1DO9;4602
1DP3;4584
1DT7;5544
1DU9;4585
1DUJ;4775
1DV0;4757
1DV5;4603
1DX7;4616
1E0E;4619
1E52;4622
1E5C;4623
1E74;4845
1E75;4846
1E76;4847
1E8E;4837
1E8P;3322
1E8Q;3322
1E91;4841
1E9T;5771
1ED0;4587
1EDS;4655
1EDV;4654
1EDW;4653
1EDX;4652
1EE7;4604
1EHJ;4743
1EHX;4589
1EIG;4590
1EIH;4590
1EII;4682
1EJP;4591
1EJQ;4592
1EOQ;4593
1EOT;4155
1EXK;4677
1EYF;4925
1EZY;4386
1F2H;4636
1F3C;4912
1F3Y;4448
1F43;4637
1F6U;4781
1F7W;4717
1F7X;4717
1F8P;4862
1F96;4911
1FA3;4638
1FCL;5152
1FD6;5151
1FDF;4651
1FEX;4639
1FFJ;4815
1FI3;4960
1FJN;4640
1FJP;4907
1FLS;4679
1FM1;4679
1FOV;4850
1FPW;4798
1FQQ;4642
1FRY;4643
1FU9;4939
1FUW;4633
1FV5;4644
1FVN;4862
1FWO;4645
1FZT;4648
1G03;4649
1G03;5334
1G04;4650
1G25;4890
1G26;4656
1G47;4884
1G6E;4833
1G6J;5387
1G6M;4891
1G6P;4895
1G8C;4552
1G92;4921
1G9E;4628
1G9L;4915
1G9P;4923
1GEA;4916
1GH9;4740
1GHT;4269
1GIW;4189
1GJZ;5101
1GK5;5120
1GM0;6313
1GM1;5131
1GM1;6060
1GM1;6091
1GM1;6092
1GO0;5485
1GO5;5364
1H0Z;5551
1H3Z;5538
1H67;4880
1H6Q;4447
1H7Y;4447
1H95;4147
1H9F;5043
1HA8;4979
1HA9;5176
1HBW;5180
1HDL;4910
1HEH;4900
1HEJ;4900
1HEV;6123
1HF9;4906
1HFG;4914
1HFN;4914
1HJ0;5257
1HKO;5745
1HOY;4948
1HP2;4924
1HU5;5037
1HU6;5034
1HU7;5034
1HX7;4269
1HZE;4954
1HZK;4946
1HZL;4947
1I02;4966
1I11;5036
1I18;4954
1I1S;4957
1I25;4988
1I2U;5033
1I2V;5033
1I4V;5022
1I5T;5026
1I6Y;5201
1IB9;5028
1IBI;5065
1ICH;5018
1IDH;5025
1IDL;5024
1IE5;5044
1IFW;5053
1IH0;4994
1IH9;4993
1IHQ;4995
1IIO;4996
1IJA;4879
1IJC;5097
1IK0;5004
1ILO;4991
1ILY;4688
1IM1;4420
1IMO;5041
1IMU;5055
1IN1;5041
1INZ;4959
1IQO;5129
1IQS;5129
1IRR;5188
1IRZ;5174
1IT1;5333
1ITY;5317
1IUR;10119
1IVM;4751
1IW4;5348
1IX5;4668
1IY3;5142
1IY4;5130
1IY5;5469
1IY6;5470
1IYC;5491
1IYF;5500
1IYM;5459
1J0F;10097
1J0T;5633
1J0T;5653
1J26;10121
1J2O;5100
1J3T;10122
1J56;5303
1J57;5261
1J5J;5184
1J7M;5012
1J8I;5042
1J8K;5027
1J8N;5111
1J8Z;5110
1J9I;4752
1J9O;5042
1J9V;5109
1JAA;5108
1JAJ;5010
1JAR;5140
1JAS;5038
1JBA;4492
1JBD;5006
1JBH;5048
1JBH;5319
1JBI;5047
1JBJ;5072
1JC6;5050
1JC8;5139
1JCP;5138
1JCU;5051
1JD8;5137
1JDK;5136
1JDQ;5060
1JE3;5059
1JE4;5073
1JE9;5052
1JE9;5690
1JEI;5074
1JEX;5091
1JFJ;4271
1JFK;4271
1JFN;5075
1JGK;4391
1JGN;5085
1JH3;5070
1JH4;5084
1JI8;5115
1JI8;5116
1JJD;5147
1JJG;5077
1JJJ;5083
1JJX;5320
1JJZ;5114
1JKN;5054
1JLO;5113
1JLP;5112
1JLZ;5082
1JMC;5821
1JMC;5822
1JMC;5823
1JN7;5096
1JNJ;5169
1JNS;5225
1JNT;5225
1JO6;5092
1JOO;4052
1JOQ;4053
1JQ4;5148
1JR6;4791
1JRM;5104
1JRU;5155
1JV8;5171
1JV9;5171
1JW2;5166
1JW3;5165
1JWD;4430
1JWE;5122
1JXS;4829
1JYT;4735
1JZU;4664
1K09;5183
1K0V;5213
1K0X;5220
1K19;5094
1K1C;4972
1K36;5173
1K37;5173
1K3G;5172
1K3H;5172
1K42;5181
1K45;5181
1K48;5114
1K5O;5175
1K5W;5194
1K76;5729
1K7B;5210
1K85;5178
1K8M;5078
1K8O;5078
1K8V;5192
1K91;5205
1K9C;5204
1KA6;5212
1KA7;5211
1KAT;5185
1KBE;5203
1KBF;5203
1KD6;4797
1KFT;5217
1KFZ;5729
1KG1;5199
1KGL;5319
1KGM;5272
1KHM;4405
1KIO;5273
1KJ6;5264
1KLQ;5299
1KMA;5276
1KMD;5366
1KMX;5238
1KN6;5242
1KN7;5236
1KQQ;4334
1KRI;5275
1KRW;5303
1KRX;5303
1KS0;5262
1KTM;5266
1KTU;5261
1KV4;5265
1KVN;4935
1KVV;4935
1KVZ;4893
1KWJ;5279
1KX2;5304
1KX7;5304
1KXL;5232
1KZ0;5289
1KZ2;5290
1KZ5;5291
1KZS;5283
1KZT;5283
1KZV;5283
1KZW;5284
1KZX;5285
1L1I;5323
1L1K;5293
1L1M;5345
1L1P;5298
1L2M;5297
1L2Y;5292
1L3G;4254
1L3H;5583
1L3O;5279
1L3X;5346
1L3Y;5338
1L4S;5315
1L4W;4838
1L5I;5297
1L6E;4473
1L6T;5326
1L6U;4566
1L6V;4566
1L7B;5328
1L7Y;5329
1L8Y;5392
1L8Z;5392
1LA3;5332
1LBJ;5454
1LC1;5372
1LC2;5372
1LD5;5381
1LD6;5375
1LFC;4157
1LG4;5145
1LGL;5184
1LIQ;5369
1LJV;5379
1LJZ;4838
1LKJ;5353
1LKN;5357
1LL8;5354
1LM0;5407
1LM2;4743
1LMM;5495
1LMZ;5398
1LO1;5363
1LQ7;5356
1LS4;4814
1LS8;6313
1LUD;5396
1LUI;5461
1LUK;5461
1LUM;5461
1LUN;5461
1LV3;5335
1LV4;5463
1LV9;5383
1LVZ;5376
1LWM;4869
1LXF;5386
1M02;5494
1M12;5465
1M25;5405
1M2E;5031
1M2F;5031
1M31;4892
1M39;5503
1M3G;5552
1M3V;5309
1M4E;5502
1M4P;5532
1M4Q;5532
1M58;4825
1M5Z;5499
1M60;5026
1M7T;5308
1M8B;5472
1M8B;5473
1M8C;5472
1M8C;5473
1M94;5481
1M9G;5529
1M9L;4265
1M9O;5525
1M9W;5475
1MA2;5486
1MA2;5487
1MA2;5488
1MA2;5489
1MA4;5486
1MA4;5487
1MA4;5488
1MA4;5489
1MA5;5486
1MA5;5487
1MA5;5488
1MA5;5489
1MA6;5486
1MA6;5487
1MA6;5488
1MA6;5489
1MB6;5527
1MJD;5482
1MKE;5554
1MM2;5555
1MM3;5556
1MM4;5557
1MM5;5557
1MMC;6591
1MMC;6637
1MMC;6639
1MMC;6647
1MNL;4222
1MO7;5577
1MO8;5576
1MP1;5162
1MPE;5654
1MPZ;5410
1MQX;5581
1MQY;5582
1MQZ;5580
1MSZ;5535
1MTQ;5585
1MV4;5610
1MVZ;5617
1MWN;5544
1MWY;5604
1MWZ;5604
1MX7;5579
1MX8;5578
1MXQ;5575
1MYO;4224
1MYU;5574
1MZK;5564
1N02;4927
1N09;5613
1N0Z;5667
1N1U;5609
1N27;10123
1N3G;5389
1N3H;5566
1N3J;5567
1N4C;4716
1N5H;5688
1N5P;5688
1N6U;5049
1N6V;5049
1N7T;5631
1N89;4977
1N8M;5676
1N91;5596
1N9C;5597
1NAU;5673
1NBL;5670
1NE5;5652
1NEE;5312
1NEI;5621
1NG7;5753
1NH5;5672
1NHO;5622
1NIX;5675
1NIY;5674
1NJ3;5669
1NKU;5668
1NLA;4540
1NMJ;5735
1NMR;5698
1NNV;5779
1NO8;5764
1NOR;5690
1NPQ;5738
1NQ4;5664
1NR3;5657
1NSH;5189
1NVO;5747
1NWB;5683
1NWD;5770
1NWV;5506
1NXI;5589
1NXN;5608
1NY4;5691
1NY8;5798
1NY9;5706
1NYN;5695
1NZP;5766
1O1W;5347
1O53;5708
1O5P;5969
1O6X;5561
1O7B;6392
1O7C;6393
1OM2;4496
1OMQ;5542
1ON4;5742
1OO9;5785
1OP4;5786
1OPZ;5769
1OQ3;5769
1OQ6;5768
1OQA;6114
1OQK;5710
1OQP;5722
1ORL;5767
1OSL;5791
1OVY;5970
1P6R;5873
1P6T;5813
1P7A;5851
1P8A;5850
1P9J;5801
1PB5;5817
1PD7;5808
1PE3;5771
1PFD;4181
1PJZ;5820
1PLO;4779
1PLW;5915
1PLX;5914
1POZ;6093
1PP5;5859
1PPQ;5900
1PPX;5866
1PQR;5869
1PS2;4930
1PS2;4933
1PUX;5899
1PV0;5847
1PVE;5868
1PVZ;5865
1PXE;5901
1PXQ;5860
1Q27;5570
1Q2F;5911
1Q2I;5911
1Q2J;5881
1Q2Z;5912
1Q48;5842
1Q53;5843
1Q5F;5879
1Q6A;5824
1Q6B;5824
1Q7I;5949
1Q7J;5948
1Q7X;5937
1Q80;4129
1Q8G;6004
1Q8K;5917
1Q8L;6022
1Q9P;5967
1QA4;4950
1QA5;4951
1QFA;4398
1QFB;4406
1QFD;4490
1QGM;4351
1QHK;4424
1QJT;4491
1QKY;4427
1QLK;5544
1QMW;4503
1QPU;4759
1QQV;4428
1QTG;4540
1QUZ;4541
1QVK;6041
1QVL;6041
1QVX;5924
1QWV;5689
1QX9;5941
1QXQ;5938
1QZP;5968
1R02;5994
1R05;5956
1R2A;4473
1R2U;5975
1R36;5991
1R3B;5833
1R57;5845
1R6P;5975
1R73;5977
1R79;10098
1R7C;5978
1R7D;5978
1R7E;5978
1R7F;5978
1R7G;5978
1R9K;5701
1R9P;5842
1RDU;5560
1RFL;5861
1RG6;6002
1RGJ;5988
1RGW;5696
1RHW;6096
1RHX;6010
1RI0;5902
1RI9;5467
1RJA;4902
1RJI;6037
1RJJ;6011
1RJT;6038
1RK7;4202
1RK9;6049
1RKK;6020
1RKL;6056
1RKN;5536
1RL1;6012
1RMJ;5545
1RMK;6135
1RQ6;6028
1RQM;5241
1RQU;4429
1RQV;4429
1RRZ;6108
1RSF;5516
1RU5;6068
1RUU;6068
1RW2;5907
1RW5;5599
1RWU;6102
1RXL;5947
1RXR;4153
1RY3;6069
1RY4;6126
1RYG;6067
1RYJ;5106
1RYU;5748
1RYV;6066
1RZS;6185
1RZW;6058
1S04;6045
1S4H;6107
1S4J;6106
1S4T;6083
1S62;4771
1S6D;6082
1S6I;6104
1S6J;6103
1S6L;6047
1S6N;6046
1S6O;6130
1S6U;6129
1S6W;6085
1S7A;6044
1S7E;5678
1S8K;6109
1SA8;6134
1SAP;5905
1SAP;5908
1SB0;6095
1SB6;6172
1SE7;6127
1SE9;6128
1SGO;6052
1SH4;6131
1SIY;6089
1SJ6;6152
1SJQ;6178
1SJR;6177
1SKI;6170
1SKK;6169
1SKL;6168
1SLJ;6122
1SM7;6137
1SMZ;6151
1SN6;5465
1SN6;6158
1SNL;6167
1SO9;6190
1SP0;6190
1SP7;6200
1SPW;6263
1SQ8;6084
1SRK;6216
1SRZ;6171
1SS2;6166
1SS3;6139
1SS6;6189
1SSF;5878
1SSL;6165
1SSN;4215
1SSU;6160
1ST7;6188
1SVJ;6029
1SX0;6191
1SX1;6191
1SXD;6287
1SXE;5399
1SY9;5480
1SZL;6175
1T0G;6138
1T0W;6123
1T0Y;6176
1T17;6120
1T1H;6265
1T1T;6222
1T3V;6198
1T4Y;5141
1T4Z;5141
1T51;6220
1T52;6219
1T6W;6201
1TBA;4223
1TDP;6211
1TEY;6298
1TH5;6247
1TI3;6079
1TIZ;6209
1TK7;6262
1TKN;6236
1TL4;6266
1TM6;6289
1TM9;6244
1TOT;6238
1TQZ;6354
1TTN;6609
1TTV;6248
1TUJ;5030
1TUZ;6208
1TV0;6264
1TVC;6295
1TVJ;5177
1TVM;6259
1TWO;5689
1TXE;6254
1U2N;6268
1U3M;6269
1U3N;6073
1U3O;6300
1U5L;6282
1U5M;6299
1U6F;6315
1U7J;6303
1U7M;6302
1U7Q;6029
1U89;6285
1UAO;5694
1UD7;4493
1UE9;10063
1UEM;10099
1UEP;10100
1UEW;10064
1UFF;10136
1UFG;10120
1UFM;5849
1UFN;10065
1UFX;10066
1UG7;10101
1UGL;5848
1UGV;11178
1UH6;11245
1UHF;5867
1UHT;10067
1UHU;5880
1UJL;5922
1UJO;10068
1UJS;10069
1UJT;10102
1UJU;10103
1UJV;10124
1UJX;10104
1UJY;11356
1UL2;5985
1UL7;10025
1UM7;11198
1UMQ;5920
1UNC;5964
1UNC;5965
1UND;5966
1USS;6162
1UST;6161
1UVF;6179
1UVG;6180
1UWO;5377
1V28;5986
1V31;10105
1V32;10106
1V46;6006
1V49;5958
1V4R;5187
1V5K;10107
1V5M;10113
1V5N;10108
1V5O;11253
1V5P;10131
1V5Q;10109
1V5R;10110
1V5S;10026
1V5U;10114
1V63;10111
1V66;6072
1V6E;11254
1V6G;11305
1V6R;6070
1V86;10112
1V87;11306
1V88;10115
1V95;11255
1V9V;10079
1V9W;10080
1VA8;11200
1VA9;10128
1VAE;10081
1VD0;5807
1VD7;6156
1VD8;6157
1VD9;6154
1VDA;6155
1VDB;6156
1VDI;10012
1VDJ;9500
1VDY;5928
1VEE;5929
1VEX;10002
1VGH;5238
1VJ6;6060
1VPC;4257
1W1F;6261
1W7D;6312
1WA7;6456
1WEN;11354
1WES;11352
1WEY;10082
1WEZ;10070
1WF1;10071
1WF2;10072
1WF5;10129
1WF7;11199
1WF8;11202
1WF9;10130
1WFG;10083
1WFI;10084
1WFJ;10073
1WFM;10074
1WFN;10075
1WFO;10076
1WFQ;10054
1WFS;10055
1WFT;10008
1WFU;10006
1WFV;10029
1WFW;10009
1WFY;10056
1WFZ;10057
1WG5;10085
1WGG;11256
1WGH;11257
1WGK;11258
1WGL;11259
1WGN;11260
1WGQ;10039
1WGR;10040
1WGS;10041
1WGU;10235
1WGV;10042
1WGW;10043
1WGY;10086
1WH1;11201
1WH3;10087
1WH4;10092
1WH5;10044
1WH6;10093
1WH7;10045
1WH8;10094
1WH9;10095
1WHA;10088
1WHN;10125
1WHR;10126
1WHU;10127
1WI0;10046
1WI7;11179
1WI8;10077
1WIE;11180
1WIK;10058
1WIL;10013
1WIM;11307
1WIN;10059
1WIR;11308
1WJ1;10089
1WJ3;11181
1WJI;10048
1WJJ;10090
1WJK;10060
1WJL;10061
1WJN;10091
1WJO;10030
1WJP;10038
1WJQ;10037
1WJR;10031
1WJS;10032
1WJT;10049
1WJU;10050
1WJV;11309
1WJW;11310
1WJZ;10033
1WK0;10034
1WK1;10035
1WKT;5255
1WLM;10036
1WLN;11246
1WM4;6032
1WNK;6296
1WNM;6293
1WNN;6294
1WO3;6329
1WO4;6328
1WO5;6327
1WO6;6326
1WO7;6325
1WPD;6347
1WQK;6370
1WQU;6331
1WRG;6350
1WSO;5994
1WT7;6389
1WT8;6037
1WU0;6489
1WUG;6508
1WUM;6507
1WWY;10336
1WX7;11261
1WX8;11262
1WX9;11263
1WXA;11264
1WXM;11265
1WXN;6467
1WXT;11284
1WXU;11285
1WY8;11266
1WYL;11085
1WYN;11084
1WYO;11086
1WYP;11124
1WYQ;11126
1WYR;11129
1WZ0;11267
1WZ4;6557
1WZ6;10248
1X05;10249
1X0O;6597
1X1F;10250
1X1G;10251
1X1M;11268
1X32;6589
1X37;6615
1X3A;11286
1X3B;11311
1X3C;11287
1X3D;11288
1X3H;11289
1X43;11209
1X44;11211
1X45;11210
1X4I;11353
1X4K;11349
1X4L;11350
1X4S;11363
1X4U;11131
1X4X;11125
1X4Y;11128
1X4Z;11127
1X5A;11117
1X5B;10264
1X5C;11114
1X5D;11116
1X5E;11113
1X5F;11119
1X5G;11121
1X5H;11120
1X5I;11112
1X5J;11118
1X5K;11111
1X5L;11208
1X5M;11203
1X5N;11204
1X5Q;11207
1X5R;11206
1X5V;6636
1X5W;11312
1X5X;11290
1X5Y;11291
1X5Z;11292
1X60;6649
1X69;10240
1X6B;10241
1X6D;10242
1X6E;10243
1X6F;10244
1X6G;10245
1X6H;10246
1X9A;6324
1X9V;4257
1X9X;5933
1XDX;4929
1XFL;6318
1XFR;6313
1XHH;5565
1XHJ;6355
1XHS;6448
1XJH;6335
1XJS;6362
1XKE;5159
1XN5;6369
1XN6;6365
1XN7;6367
1XO3;6337
1XO8;6339
1XOX;6342
1XOY;6341
1XPA;4249
1XPN;6343
1XPW;6344
1XQ8;5744
1XRD;6349
1XS3;6358
1XS8;6359
1XSA;6330
1XSB;6336
1XSC;6336
1XSF;6221
1XSX;5891
1XT7;6420
1XU0;6382
1XU6;6419
1XUT;6384
1XV3;6388
1XWE;6001
1XWH;6374
1XXZ;6421
1XY4;6422
1XY5;6423
1XY6;6424
1XY8;6425
1XY9;6426
1Y00;6402
1Y1B;6386
1Y1C;6387
1Y2S;6403
1Y4E;6446
1Y4O;6396
1Y58;6463
1Y5C;6462
1Y6U;6479
1Y7X;6447
1Y9O;6398
1YCM;6444
1YDU;6443
1YEL;6464
1YEZ;6505
1YFB;6478
1YHO;5981
1YIU;6459
1YJR;6483
1YJT;6482
1YJU;6481
1YJV;6480
1YMZ;6530
1YQA;6476
1YR1;6395
1YT6;6511
1YTR;6561
1YUR;6532
1YUS;6532
1YUT;6531
1YUU;6531
1YVC;6574
1YWS;6555
1YX7;6519
1YX8;6519
1YXE;6510
1YYB;6556
1YYJ;6560
1YYX;6560
1YZA;6553
1YZB;6241
1YZC;6552
1Z09;6527
1Z0Q;6554
1Z0R;4281
1Z1M;6612
1Z2D;6075
1Z2E;6075
1Z2F;6111
1Z2Q;6594
1Z3J;6444
1Z4H;6762
1Z5F;5787
1Z66;5971
1Z6H;6599
1Z7P;6410
1Z7R;6410
1Z7T;6600
1Z87;6752
1Z8R;6613
1Z8S;6716
1Z9V;6272
1ZA8;6596
1ZAC;4232
1ZDV;6629
1ZDX;6779
1ZG2;6717
1ZJQ;6654
1ZKH;6631
1ZLC;6720
1ZNT;6656
1ZNU;6627
1ZR7;6721
1ZR9;6682
1ZRR;4313
1ZS5;6507
1ZS5;6508
1ZTS;6366
1ZU1;6655
1ZV6;6718
1ZXF;6726
1ZZA;6715
1ZZP;6570
2A05;6740
2A1C;6714
2A29;6029
2A29;6030
2A2B;6737
2A2P;6739
2A2Y;5892
2A36;5925
2A37;5923
2A3S;5365
2A4H;6738
2A4J;5992
2A63;6771
2A7Y;7000
2AAP;6654
2AAV;6730
2ABY;6755
2ADL;6743
2ADN;6743
2ADZ;6753
2AF2;6821
2AFD;6751
2AFE;6751
2AFJ;6311
2AFP;4452
2AGA;6742
2AGH;6750
2AGM;6390
2AHQ;6816
2AI6;6625
2AIH;7078
2AIZ;6465
2AJ0;6811
2AJE;6727
2AJJ;6757
2AJM;6757
2AJN;6757
2AJO;6757
2AJW;6818
2AK0;6817
2AKK;6746
2AKL;6766
2AL3;6761
2ALJ;6395
2AMI;6820
2AMN;6835
2AN7;4792
2APN;5963
2AQA;6846
2AQC;6845
2AQE;6781
2AQF;6781
2ARF;6914
2ARI;6867
2ARW;5940
2ASY;6868
2AVG;6015
2AVX;6454
2AWT;6801
2AXK;6924
2AXL;6540
2AYA;6869
2AYM;6844
2AYX;6810
2AZH;6362
2B1U;6841
2B1W;6843
2B38;6872
2B3A;6894
2B68;6849
2B7E;6850
2B87;6806
2B88;6804
2B89;6805
2BAF;6893
2BAI;6863
2BBL;6898
2BBP;6898
2BBU;6580
2BBX;6865
2BC7;6897
2BC8;6896
2BGO;6475
2BGP;6475
2BIC;6520
2BID;5340
2BJC;7354
2BL6;7352
2BMT;4191
2BN8;5950
2BO5;6564
2BPN;5625
2BTX;4195
2BUG;6696
2BUN;6692
2BVB;6376
2BW2;6731
2BYE;6624
2BYF;6635
2BZB;7350
2BZE;7351
2BZT;6776
2C06;6925
2C0S;7349
2C34;6794
2CA7;6506
2CEF;6993
2CEH;6991
2CEZ;6996
2CFJ;6998
2CH0;6919
2CKA;15098
2CKN;6885
2CNP;4430
2CO8;10247
2CO9;10252
2COA;10253
2COC;10254
2COD;10255
2COF;10256
2COM;10011
2COO;11240
2COT;11205
2CPB;4209
2CPS;4197
2CSI;11185
2CSP;11183
2CSQ;11184
2CSS;11182
2CSW;11247
2CSY;11313
2CSZ;11314
2CT0;11315
2CT1;11316
2CT2;11317
2CT4;11318
2CT5;11319
2CT6;11320
2CT7;11321
2CTD;11130
2CTE;11139
2CTF;11140
2CTJ;11135
2CTK;11136
2CTL;11138
2CTM;11137
2CTO;11132
2CU7;11322
2CU8;11293
2CUD;10212
2CUE;10281
2CUF;10282
2CUM;11110
2CZN;6829
2D1U;6803
2D2W;5365
2D7L;11134
2D7M;10328
2D7N;10329
2D7O;10330
2D7P;10331
2D7Q;10332
2D82;6960
2D85;11133
2D86;11141
2D87;11142
2D88;11143
2D89;11145
2D8H;11213
2D8I;11215
2D8J;11214
2D8Q;11323
2D8R;11324
2D8S;11325
2D8T;11326
2D8U;11327
2D8V;11328
2D90;11216
2D92;11186
2D9T;10276
2D9U;10277
2D9V;10278
2D9W;10279
2D9X;10280
2D9Y;10311
2D9Z;10312
2DA0;10313
2DA1;10283
2DA2;10284
2DA3;10285
2DA4;10286
2DA5;10287
2DA6;10288
2DA7;10289
2DAE;11269
2DAF;11270
2DAG;11173
2DAH;11271
2DAJ;11272
2DAL;11273
2DAM;11274
2DAT;11329
2DAV;11212
2DAW;11294
2DAX;11295
2DAY;11296
2DAZ;11187
2DB5;11188
2DB8;10299
2DB9;11330
2DBA;11122
2DBJ;10300
2DBK;10301
2DBM;10302
2DCI;6954
2DCP;5928
2DCQ;5929
2DCR;6331
2DDI;6963
2DDJ;6963
2DDY;6014
2DEF;4089
2DEZ;7006
2DF0;7005
2DHI;10314
2DHJ;10315
2DHK;10316
2DHS;6121
2DHX;11275
2DHY;11276
2DHZ;11277
2DI0;11278
2DI7;10333
2DI8;10334
2DI9;10320
2DIA;10335
2DIB;10321
2DIC;10322
2DIG;11297
2DII;11298
2DIL;11299
2DIM;11300
2DIN;11301
2DIY;11108
2DIZ;11107
2DJ0;11105
2DJ1;11101
2DJ2;11104
2DJ3;11109
2DJ4;10323
2DJ9;7050
2DJA;11331
2DJB;11332
2DJC;7051
2DJJ;6972
2DJK;6971
2DJM;7083
2DJN;10290
2DJR;10257
2DJS;10258
2DJT;10259
2DJU;10260
2DK4;11355
2DK7;11357
2DK9;7058
2DKM;10262
2DKP;10317
2DKQ;10318
2DKT;11333
2DL3;11219
2DL4;11217
2DL5;11222
2DL7;11220
2DL8;11225
2DL9;11223
2DLG;10324
2DLM;11242
2DLP;11233
2DLS;11195
2DLT;11192
2DLU;11189
2DM8;11191
2DMB;10325
2DMC;10326
2DMD;11302
2DME;11334
2DMF;11303
2DMK;11106
2DML;11100
2DMM;11102
2DMN;10291
2DMP;10292
2DMQ;10293
2DMS;10294
2DMT;10295
2DMU;10296
2DMX;11417
2DMZ;11190
2DN6;10319
2DN7;10263
2DO8;7121
2DOC;11304
2DOG;10138
2DQ5;7124
2DS4;10327
2DT6;11364
2DVH;4208
2DW3;10024
2DWF;6741
2DWV;10028
2DYF;6721
2DZI;11279
2DZJ;11280
2DZK;11281
2DZL;11282
2DZM;11283
2E0G;10027
2E0H;7330
2E19;10297
2E29;10213
2E2F;6729
2E34;7314
2E35;7315
2E36;7315
2E45;7365
2E4E;15107
2E4J;10137
2E5E;7364
2E5K;10337
2E61;11358
2E61;11359
2E61;11360
2E61;11361
2E61;11362
2E63;11348
2E6I;11093
2E6J;11091
2E6P;11229
2E6Q;11221
2E7B;11230
2E7C;11235
2E7H;11227
2E7K;11226
2E7M;11232
2E8J;15142
2E9G;10141
2E9H;11146
2E9I;10142
2E9J;10143
2E9K;10149
2EA5;11335
2EA6;11336
2EBK;11337
2EBM;11338
2EC7;7384
2ECC;10047
2ECG;11339
2ECI;11340
2ECJ;11341
2ECL;11342
2ECM;11343
2ECN;11344
2ECT;11162
2ECV;11163
2ECW;11161
2ECY;11164
2ECZ;11154
2ED0;11155
2ED1;11153
2ED7;11096
2ED8;11103
2EDB;11099
2EDD;11097
2EDE;11098
2EDX;10265
2EDY;10266
2EDZ;10267
2EE0;10268
2EE1;10269
2EE2;10270
2EE3;10271
2EE4;10144
2EE5;10145
2EE6;10146
2EE7;10147
2EE8;10148
2EE9;10159
2EEA;10160
2EEB;10161
2EEC;10162
2EED;10163
2EEE;10164
2EEF;10165
2EEL;11218
2EEM;15140
2EFI;11092
2EFZ;15195
2EGA;11193
2EGC;11194
2EGE;11196
2EHR;11197
2EKH;10272
2EKI;10273
2EKJ;10274
2ELJ;11345
2ELK;10150
2ELL;11083
2EM1;10166
2EM2;10167
2EM3;10168
2EM4;10179
2EM5;10196
2EM6;10197
2EM7;10180
2EM8;10198
2EM9;10181
2EMA;10199
2EMB;10200
2EMC;10201
2EME;10182
2EMF;10183
2EMG;10184
2EMH;10202
2EMI;10203
2EMJ;10204
2EMK;10205
2EML;10303
2EMM;10304
2EMP;10305
2EMV;10224
2EMW;10225
2EMX;10226
2EMY;10227
2EMZ;10228
2EN0;10229
2EN1;10230
2EN2;10231
2EN3;10232
2EN4;10233
2EN6;10151
2EN7;10152
2EN8;10169
2EN9;10170
2ENA;10171
2ENC;10172
2ENE;10173
2ENF;10174
2ENH;10175
2EOE;11167
2EOF;10216
2EOG;10217
2EOH;10206
2EOI;11165
2EOJ;10218
2EOK;10219
2EOL;11166
2EOM;10189
2EON;10220
2EOP;10191
2EOQ;10192
2EOR;10221
2EOS;10157
2EOU;10158
2EOV;10153
2EOW;10207
2EOX;10208
2EOY;10154
2EOZ;10209
2EP0;10210
2EP1;11169
2EP2;10155
2EP3;11170
2EPP;11377
2EPQ;11378
2EPR;11379
2EPS;11380
2EQI;11224
2EQR;11244
2ERS;6882
2ESY;6892
2EVN;6338
2EW4;6891
2EWL;6916
2EXD;10118
2EZH;4090
2F09;6955
2F1E;5998
2F3V;6907
2F3W;6908
2F63;4299
2F65;4300
2F76;6400
2F77;6401
2F8B;6916
2FE0;6910
2FE9;6922
2FEK;6934
2FFK;6809
2FFT;6926
2FFW;6920
2FGX;6929
2FHM;6884
2FHO;11367
2FI2;6957
2FIN;6809
2FJ3;6953
2FJ6;6976
2FK4;6407
2FLG;7010
2FN5;6933
2FO8;6876
2FQ0;6516
2FQ2;6516
2FQA;6952
2FQC;6951
2FQH;6812
2FRW;7035
2FRY;7036
2FS1;6945
2FVA;6790
2FVE;6962
2FVF;6790
2FVN;5946
2FVT;6964
2FWS;7009
2FWU;7008
2FXP;6969
2FXY;7012
2FY9;6826
2FYJ;5961
2G0K;6888
2G0L;6888
2G0Q;7007
2G0U;6981
2G1D;6989
2G1E;6982
2G2B;6980
2G31;7067
2G35;7061
2G46;6997
2G57;7001
2G5M;6927
2G7H;7122
2G7J;7063
2G9L;7065
2G9O;7069
2GA5;6356
2GA7;7068
2GDT;7014
2GG1;6800
2GGR;7129
2GHF;7034
2GI4;7189
2GJ0;7064
2GJF;7102
2GJH;7101
2GJI;7099
2GJY;6986
2GKD;6726
2GL1;7092
2GLW;7116
2GM2;7054
2GMC;6437
2GMD;6437
2GMG;7074
2GMO;7056
2GO0;6231
2GO9;7070
2GOV;6620
2GOW;7095
2GPF;7075
2GQB;7079
2GQE;7158
2GRG;7085
2GRI;7019
2GS0;6225
2GT3;6090
2GTJ;6536
2GTO;6539
2GTV;7093
2GVS;7184
2GW6;6860
2GW9;6264
2GX1;7186
2GYT;7120
2GZO;7180
2GZP;7178
2GZU;6317
2GZY;7108
2GZZ;7109
2H0P;7087
2H1Z;7117
2H25;7114
2H3J;7181
2H3Q;5960
2H41;7127
2H45;7127
2H5M;5845
2H7A;7182
2H7B;7147
2H7D;7150
2H7E;7150
2H7T;7137
2H80;7151
2H8S;7177
2H9X;7166
2HA1;7128
2HAJ;6284
2HC5;7170
2HDL;7229
2HDM;15110
2HFD;7256
2HFI;7227
2HFQ;7266
2HG7;7224
2HGA;7226
2HGC;7260
2HGK;15327
2HH8;7274
2HI6;7228
2HJ8;7223
2HJI;7103
2HJJ;7261
2HJQ;7201
2HN8;7258
2HST;6763
2HTF;7259
2HUG;7241
2HV1;6597
2HVZ;7257
2HWT;7112
2I1D;15051
2I1E;15040
2I1F;15041
2I1G;15042
2I1H;15043
2I1I;15044
2I1P;7263
2I1T;7273
2I2H;15069
2I2J;15068
2I3B;7119
2I3E;7167
2I4K;7302
2I50;7298
2I59;7272
2I5O;15160
2I7K;7287
2I7U;15021
2I83;5903
2I85;7220
2I8F;7296
2I94;7293
2I9H;6912
2I9M;7282
2I9N;7283
2I9O;7284
2I9Y;7339
2IDA;7297
2IDY;7019
2IEM;6786
2IF1;4255
2IFE;4394
2IFS;15020
2IIJ;6298
2IJY;7360
2IKD;15105
2IKE;15106
2ILX;5202
2IMU;15108
2IN2;5659
2IT8;7361
2ITA;7320
2ITH;6645
2IVW;7209
2IWJ;7342
2IZ3;15037
2IZ4;7243
2J0Z;7251
2J10;7252
2J11;7252
2J15;7341
2J5D;7288
2J5H;7299
2JGW;7420
2JGX;7421
2JM0;15000
2JM5;7106
2JM8;7305
2JM9;7306
2JMA;7306
2JMC;15013
2JMK;15039
2JML;15023
2JMM;15045
2JMO;15074
2JMP;15055
2JMR;15032
2JMS;15058
2JMU;15063
2JMX;15072
2JMY;15099
2JN0;15079
2JN3;15084
2JN4;15085
2JN5;15095
2JN6;15086
2JN7;15088
2JN8;15089
2JNG;15109
2JNH;15111
2JNI;15115
2JNK;7269
2JNP;15120
2JNS;15125
2JNT;6943
2JNU;15128
2JNY;15133
2JNZ;15134
2JO0;15137
2JO1;16168
2JO5;15392
2JO6;15139
2JO7;15158
2JO9;15153
2JOA;15154
2JOB;15622
2JOC;15159
2JOD;15166
2JOE;15167
2JOF;15169
2JOH;15394
2JOM;15399
2JOO;15405
2JOP;15189
2JOQ;15190
2JOR;15192
2JOT;15382
2JOU;6741
2JOV;15203
2JOW;15206
2JOX;15208
2JOY;15210
2JOZ;15211
2JP2;5939
2JP5;15218
2JP9;15532
2JPA;15533
2JPD;15240
2JPE;15242
2JPF;15746
2JPI;15246
2JPJ;15259
2JPK;15261
2JPL;15259
2JPM;15261
2JPN;15252
2JPO;15256
2JPP;15257
2JPQ;15258
2JPU;15265
2JQ2;15267
2JQ3;15268
2JQ4;15269
2JQ5;15270
2JQ6;15279
2JQ8;15271
2JQB;15272
2JQC;15273
2JQF;15277
2JQG;15278
2JQN;15281
2JQO;15288
2JQQ;15290
2JQV;15295
2JQW;15302
2JQZ;15306
2JR0;15312
2JR1;15314
2JR2;15317
2JR3;15318
2JR5;15320
2JR7;15377
2JR8;15323
2JRA;15324
2JRB;15325
2JRD;15390
2JRF;15329
2JRH;15332
2JRK;15345
2JRL;15334
2JRM;15339
2JRO;15337
2JRP;15338
2JRR;15341
2JRS;15343
2JRT;15344
2JRZ;15348
2JS0;15349
2JS1;15350
2JS2;15351
2JS3;15352
2JS4;15353
2JS5;15354
2JS7;15356
2JSA;15358
2JSD;15361
2JSN;15370
2JSO;15371
2JSP;15373
2JSS;15393
2JST;15384
2JSW;15411
2JSX;15381
2JSY;15798
2JSZ;15797
2JT0;15385
2JT1;15386
2JT3;15388
2JT5;15395
2JT6;15396
2JT8;15400
2JTE;15407
2JTM;15415
2JTT;15418
2JTV;15419
2JTY;15423
2JTZ;15427
2JU3;15429
2JU4;15430
2JU5;15431
2JU7;15433
2JU8;15434
2JUA;15437
2JUB;15438
2JUC;15439
2JUG;15442
2JUH;15444
2JUO;15451
2JUP;15453
2JUW;15456
2JUZ;15462
2JV2;15465
2JV4;15466
2JVA;15471
2JVD;15476
2JVE;15477
2JVF;15478
2JVO;15485
2JVR;15487
2JVV;15490
2JVW;15491
2JVX;15499
2JVY;15500
2JW1;15504
2JW8;15511
2JWE;16871
2JWG;15753
2JWH;15752
2JWN;15528
2JWS;15535
2JWT;15536
2JWU;15537
2JWY;15542
2JX2;15543
2JX5;15547
2JX8;15550
2JX9;15553
2JXA;15553
2JXD;15555
2JXF;15559
2JXN;15562
2JXO;15567
2JXP;15568
2JXT;15573
2JXU;15574
2JXW;15575
2JXX;15576
2JXY;7414
2JY0;15579
2JY7;15591
2JY8;15592
2JY9;15584
2JYA;15585
2JYO;15596
2JZ2;15604
2JZ4;15607
2JZ5;15608
2JZ6;15609
2JZ8;15610
2JZA;15611
2JZC;15617
2JZD;15618
2JZI;15624
2JZY;15632
2K01;15633
2K02;15634
2K06;15642
2K0A;15644
2K0B;15591
2K0D;15645
2K0L;15651
2K0M;15652
2K0Q;15655
2K0X;15658
2K0Y;15659
2K0Z;15661
2K10;15665
2K16;15670
2K17;15671
2K19;15673
2K1B;15674
2K1D;15676
2K1E;15677
2K1G;15603
2K1H;15678
2K1K;15728
2K1M;15679
2K1S;15683
2K22;15687
2K24;15688
2K25;15689
2K27;15693
2K28;15695
2K29;15691
2K2A;15698
2K2C;15700
2K2E;15702
2K2F;15704
2K2J;15707
2K2M;15710
2K2O;15718
2K2X;15729
2K2Y;15730
2K2Z;15731
2K31;15734
2K32;15735
2K33;15737
2K36;15740
2K37;15742
2K38;17015
2K3B;16843
2K3C;15747
2K3D;15750
2K3G;15956
2K3I;15762
2K3J;15763
2K3M;15774
2K3R;15776
2K3T;15777
2K3U;15778
2K3V;15765
2K42;16824
2K43;15783
2K45;15785
2K48;15790
2K49;15791
2K4B;15793
2K4D;15796
2K4E;16887
2K4H;16888
2K4I;16889
2K4J;15801
2K4M;15804
2K4N;15805
2K4Q;15807
2K4T;16381
2K4V;15810
2K4W;15112
2K4X;15811
2K4Y;15812
2K4Z;15816
2K50;15819
2K52;15821
2K54;15823
2K57;15825
2K5C;15828
2K5D;15829
2K5E;15833
2K5F;15834
2K5G;15835
2K5H;15836
2K5I;15837
2K5J;15839
2K5L;15841
2K5P;15844
2K5R;15847
2K5V;15849
2K5W;15850
2K60;15851
2K61;15852
2K61;7423
2K61;7424
2K61;7425
2K62;15854
2K6A;15863
2K6B;15864
2K6D;15866
2K6M;15873
2K6N;15874
2K6Q;15877
2K6R;15879
2K6S;15880
2K6V;15893
2K6W;15894
2K6Z;15896
2K70;15897
2K72;15900
2K73;15966
2K75;15902
2K76;15946
2K78;15913
2K7I;15916
2K7L;15919
2K7N;15922
2K7P;15924
2K7Q;15925
2K7R;15926
2K7S;15928
2K7V;15931
2K7Z;15932
2K85;15938
2K86;15939
2K87;15723
2K8A;16818
2K8D;15941
2K8E;15943
2K8F;15944
2K8I;15950
2K8J;15951
2K8Q;15958
2K8S;15347
2K8V;15964
2K8V;7430
2K8X;15965
2K8Y;15981
2K9E;15983
2K9I;15987
2K9K;15988
2K9N;15989
2K9O;15992
2K9P;15995
2K9Q;15999
2K9S;16001
2K9U;16002
2K9Y;16005
2K9Z;16006
2KA0;16007
2KA1;16012
2KA3;5882
2KA5;16019
2KA7;16016
2KAE;16812
2KAJ;16024
2KAK;16025
2KAM;16028
2KAT;16030
2KAV;16032
2KAX;16033
2KAY;16034
2KB1;15677
2KB2;16037
2KB3;16038
2KB4;16039
2KB6;16040
2KB9;16857
2KBB;15457
2KBI;16045
2KBL;16090
2KBM;16050
2KBN;16051
2KBT;16053
2KBV;16056
2KBX;16063
2KBZ;16057
2KC0;16058
2KC5;16061
2KC6;16062
2KC7;16064
2KC8;16065
2KC9;16066
2KCA;16068
2KCD;16072
2KCG;16073
2KCH;16074
2KCJ;16082
2KCK;16083
2KCL;16084
2KCN;16087
2KCO;16089
2KCP;16091
2KCQ;16093
2KCR;16094
2KCT;16096
2KCU;16097
2KCW;16098
2KCX;16099
2KCZ;16100
2KD0;16101
2KD1;16102
2KD2;16103
2KD7;16107
2KDB;16109
2KDD;16110
2KDH;17243
2KDI;16114
2KDL;16116
2KDM;16117
2KDN;16118
2KDO;16119
2KDP;16127
2KDR;16122
2KDX;16126
2KE1;16510
2KE4;16129
2KE7;16137
2KEC;16142
2KED;16143
2KEE;16145
2KEG;16148
2KEH;16149
2KEL;16153
2KEN;16051
2KEN;16154
2KEO;16155
2KEP;16164
2KER;16157
2KES;16156
2KEY;16161
2KF2;16881
2KF4;16170
2KF5;16171
2KF6;16172
2KFB;16173
2KFD;16176
2KFE;16178
2KFF;16179
2KFG;16180
2KFH;16181
2KFL;16183
2KFP;16186
2KFQ;16187
2KFS;16188
2KFT;16878
2KFV;16189
2KFW;16240
2KG0;16193
2KG1;16194
2KG2;16285
2KG4;15855
2KG6;16196
2KG8;16197
2KG9;16199
2KGA;16200
2KGC;16201
2KGD;16202
2KGE;16203
2KGG;16209
2KGI;16210
2KGJ;16211
2KGK;16822
2KGO;16214
2KGT;16219
2KH9;16230
2KH9;16246
2KHA;16231
2KHB;16235
2KHC;16236
2KHD;16238
2KHE;11042
2KHF;16239
2KHG;16241
2KHK;16247
2KHM;16249
2KHN;16250
2KHP;16264
2KHQ;16251
2KHR;16253
2KHS;15357
2KHV;16255
2KHX;16256
2KHZ;16258
2KI3;16260
2KI8;16267
2KI9;16268
2KIC;16269
2KID;16270
2KIE;16271
2KIF;16272
2KIG;16273
2KII;16276
2KIJ;16277
2KIL;16278
2KIM;16283
2KIO;16284
2KIS;16293
2KIT;16295
2KIV;16297
2KIW;16298
2KIZ;15948
2KJ4;16311
2KJ5;16312
2KJ8;16315
2KJ9;16316
2KJD;16637
2KJE;16318
2KJF;16319
2KJG;16320
2KJH;16321
2KJK;16325
2KJL;16339
2KJN;16332
2KJO;16333
2KJP;16335
2KJQ;16336
2KJR;16338
2KJV;16344
2KJW;16345
2KJZ;16347
2KK0;16348
2KK1;16349
2KK2;16350
2KK4;16352
2KK6;16353
2KK8;16355
2KKC;16361
2KKD;15375
2KKD;16849
2KKJ;16363
2KKL;16364
2KKM;16365
2KKN;16366
2KKO;16368
2KKQ;16370
2KKR;16397
2KKS;16371
2KKU;16372
2KKV;16373
2KKX;16374
2KKY;16375
2KKZ;16376
2KL1;16378
2KL2;16380
2KL3;16382
2KL5;16384
2KL6;16385
2KL7;16386
2KL8;16387
2KLA;16389
2KLB;16388
2KLC;16390
2KLL;16317
2KLQ;16396
2KLU;16853
2KLX;16403
2KLY;16404
2KM0;16408
2KM4;16411
2KM6;16263
2KMA;15615
2KMD;16426
2KMG;16428
2KMO;16436
2KMP;16437
2KMP;16438
2KMS;16439
2KMT;16135
2KMU;16544
2KMV;16440
2KMW;16442
2KMX;16441
2KMY;16443
2KMZ;17237
2KN0;17247
2KN1;17252
2KN6;15313
2KN7;16449
2KN8;16452
2KNA;16478
2KNE;16465
2KNF;16466
2KNG;16831
2KNH;16467
2KNI;16468
2KNO;16472
2KNR;16476
2KNU;16477
2KNX;16482
2KNY;16483
2KNZ;16484
2KO0;16485
2KO1;16486
2KO6;16490
2KO7;16491
2KO8;16492
2KOB;16498
2KOE;16504
2KOH;16507
2KOJ;16515
2KOK;16517
2KOL;16519
2KOM;16520
2KON;16521
2KOO;16524
2KOP;16525
2KOQ;16526
2KOR;16527
2KOS;16528
2KOU;16534
2KOY;16536
2KOZ;16539
2KP0;16540
2KP5;15743
2KP6;16545
2KP7;16549
2KPA;16550
2KPB;16551
2KPH;15601
2KPI;16556
2KPJ;16557
2KPK;16558
2KPL;16559
2KPM;16560
2KPN;16561
2KPO;16562
2KPP;16563
2KPQ;16564
2KPT;16569
2KPU;16570
2KPW;16572
2KPY;16111
2KQ1;16576
2KQ2;16578
2KQ3;16585
2KQ5;16589
2KQ6;16590
2KQ8;16592
2KQ9;16594
2KQK;16603
2KQM;16606
2KQN;16607
2KQP;16608
2KQR;16610
2KQY;16617
2KR1;16620
2KR5;16624
2KR7;16629
2KR9;16632
2KRA;16633
2KRF;16636
2KRG;16638
2KRK;16640
2KRM;16641
2KRN;16642
2KRO;16643
2KRR;16646
2KRS;16647
2KRT;16648
2KRU;16649
2KRX;16652
2KS0;16656
2KSC;16306
2KSF;16922
2KSG;16817
2KSH;16662
2KSI;16665
2KSM;16846
2KSP;16671
2KSR;16672
2KSU;16674
2KSV;16675
2KSW;16676
2KSY;16678
2KT0;16680
2KT1;16681
2KT2;16207
2KT3;16208
2KT4;16682
2KT5;16683
2KT6;16684
2KT7;16686
2KT8;16688
2KT9;16691
2KTA;16692
2KTC;16693
2KTL;16832
2KTS;16711
2KU3;16721
2KU5;16722
2KU6;16723
2KUC;16731
2KUD;16732
2KUE;16733
2KUF;16734
2KUL;16738
2KUM;16839
2KUN;16743
2KUO;16744
2KUS;16745
2KUT;16746
2KUY;16747
2KV3;16767
2KV4;16768
2KV7;16770
2KV9;16771
2KVA;16772
2KVB;16773
2KVC;16774
2KVH;16797
2KVM;16778
2KVO;16782
2KVR;16789
2KVS;16794
2KVT;16791
2KVU;16792
2KVV;16795
2KVZ;16801
2KW0;16802
2KW2;16805
2KW4;16807
2KW6;16808
2KW7;16810
2KW8;16811
2KW9;16816
2KWC;16835
2KWF;16851
2KWH;15524
2KWL;16856
2KWN;16861
2KWO;16865
2KWP;16868
2KWQ;16872
2KWT;16886
2KWZ;16892
2KX0;16895
2KX2;16897
2KX3;16899
2KXA;16907
2KXC;16909
2KXD;17089
2KXE;16986
2KXG;16913
2KXI;16737
2KXQ;16923
2KXV;16929
2KXX;16926
2KXY;16927
2KY3;17227
2KY4;16934
2KY8;16936
2KY9;16942
2KYB;16944
2KYC;16945
2KYF;16955
2KYH;16957
2KYI;16961
2KYJ;16963
2KYL;16967
2KYM;16970
2KYQ;16978
2KYR;16979
2KYS;16981
2KYU;16983
2KYW;16988
2KYX;16989
2KYY;16991
2KZ0;16995
2KZ2;16994
2KZ3;16996
2KZ4;16997
2KZ5;16998
2KZ6;16999
2KZ9;17000
2KZA;17001
2KZB;17006
2KZC;17002
2KZH;17005
2KZK;17007
2KZN;17008
2KZQ;17011
2KZR;17017
2KZS;17018
2KZU;17019
2KZV;17020
2KZW;17021
2KZX;17022
2KZY;17023
2L01;17025
2L02;17026
2L04;17028
2L05;17030
2L06;17031
2L07;17032
2L08;17033
2L09;17035
2L0C;17038
2L0D;17039
2L0E;17040
2L0I;17044
2L0S;17062
2L0W;17066
2L10;17070
2L11;17071
2L12;17072
2L1B;17079
2L1C;17080
2L1D;17081
2L1E;17082
2L1J;17086
2L1K;17087
2L1N;17090
2L1O;17091
2L1P;17092
2L1R;17103
2L1S;17104
2L1T;17105
2L21;17110
2L22;17111
2L25;17124
2L28;17125
2L29;17127
2L2D;17132
2L2N;17143
2L2P;17149
2L2Q;17150
2L2R;17152
2L2S;17151
2L30;17157
2L31;17158
2L33;17169
2L39;17174
2L3A;17175
2L3B;17176
2L3F;17191
2L3H;17193
2L3I;17194
2L3M;17196
2L3N;17199
2L3R;17200
2L3T;17202
2L40;17213
2L43;17244
2L44;17228
2L45;17229
2L47;17232
2L48;17233
2L4A;17234
2L4B;17235
2L4D;17236
2L4E;17238
2L4F;17239
2L4G;17240
2L4H;17329
2L4J;17241
2L4O;17246
2L4Q;17242
2L4S;17254
2L4T;17255
2L4U;17256
2L4V;17258
2L4W;17257
2L4X;17282
2L4Z;17265
2L50;17261
2L51;17262
2L52;17263
2L53;17264
2L55;17266
2L57;17267
2L59;17268
2L5C;17272
2L5D;17273
2L5E;17270
2L5L;17275
2L5O;17277
2L5P;17279
2L5Q;17280
2L5R;17281
2L5T;17284
2L5V;17286
2L5Y;17289
2L60;17291
2L63;17296
2L64;17297
2L65;6726
2L67;17302
2L69;17304
2L6A;17305
2L6B;17306
2L6E;17307
2L6J;17312
2L6K;17314
2L6M;17315
2L6N;17318
2L6O;17320
2L6P;17319
2L6Q;17321
2L6R;17322
2L6U;17323
2L6X;17327
2L70;17330
2L71;17331
2L73;17343
2L75;17344
2L76;17345
2L77;17346
2L79;17347
2L7B;15744
2L7C;17356
2L7E;17352
2L7F;17147
2L7J;17358
2L7K;17359
2L7M;17145
2L7N;17363
2L7P;17365
2L7Q;17370
2L7R;17371
2L7T;17377
2L7U;17378
2L7W;17382
2L7X;17383
2L7Y;17381
2L7Z;16252
2L80;17388
2L81;17389
2L82;17390
2L83;17391
2L84;17392
2L85;17393
2L86;17394
2L89;17398
2L8A;17399
2L8B;16971
2L8D;17402
2L8E;17396
2L8J;17412
2L8K;16977
2L8L;17414
2L8N;17419
2L8O;17420
2L8R;17421
2L8S;17424
2L8T;17425
2L8V;17429
2L8X;17430
2L8Y;17431
2L90;17432
2L91;17433
2L92;17434
2L93;17435
2L95;16719
2L96;17438
2L97;16653
2L99;17441
2L9A;17442
2L9C;16840
2L9D;17448
2L9F;17355
2L9G;17450
2L9H;17453
2L9J;17451
2L9L;17477
2L9M;17478
2L9N;17479
2L9P;17481
2L9Q;17482
2L9R;17484
2L9S;17485
2L9U;17488
2L9V;17489
2L9W;17490
2L9X;17492
2L9Y;17493
2L9Z;17494
2LA0;17495
2LA1;6915
2LA2;17500
2LA3;17501
2LA4;17502
2LA6;17508
2LA7;17509
2LA8;17515
2LAA;17518
2LAB;17519
2LAG;16677
2LAH;17524
2LAJ;17529
2LAK;17530
2LAM;17531
2LAQ;17533
2LAS;17536
2LAT;17537
2LAU;17456
2LAV;16715
2LAW;17538
2LAX;17539
2LAY;17540
2LAZ;17541
2LB0;17542
2LB1;17543
2LB2;17544
2LB3;17545
2LB5;17546
2LB6;17447
2LB7;17547
2LB9;15717
2LBA;17551
2LBB;17553
2LBC;17554
2LBF;17557
2LBG;17558
2LBH;17561
2LBM;17569
2LBN;17571
2LBO;16233
2LBS;17574
2LBT;17575
2LBV;17577
2LBW;17578
2LBX;17579
2LBZ;17583
2LC0;17585
2LC1;17586
2LC2;17588
2LC3;17594
2LC4;17598
2LC6;17599
2LC7;17600
2LC9;17603
2LCB;17604
2LCC;17606
2LCE;17609
2LCH;17612
2LCI;17613
2LCJ;17418
2LCK;17614
2LCL;17615
2LCN;17618
2LCO;17619
2LCP;4378
2LCQ;17595
2LCR;17628
2LCS;17629
2LCT;17632
2LCU;17633
2LCV;17634
2LCW;17635
2LCX;7205
2LCY;17638
2LCZ;17639
2LD0;17642
2LD1;15001
2LD2;17644
2LD3;17645
2LD4;17646
2LD5;16577
2LD6;17651
2LD7;17653
2LD9;15410
2LDA;17657
2LDC;17658
2LDD;17659
2LDE;17661
2LDF;17662
2LDI;17668
2LDJ;17669
2LDK;17670
2LDM;17673
2LDO;16842
2LDR;17680
2LDS;17681
2LDU;17683
2LDY;17686
2LE0;17687
2LE1;17688
2LE2;17689
2LE3;17690
2LE7;17699
2LE8;17702
2LE9;17704
2LEA;17705
2LEB;17706
2LEC;17707
2LEF;4248
2LEG;17710
2LEH;17711
2LEJ;17714
2LEK;16377
2LEL;17716
2LEM;17717
2LEN;17260
2LEO;17719
2LEP;17720
2LEQ;17723
2LER;17726
2LEV;17729
2LEW;17731
2LEX;17732
2LEY;17733
2LEZ;17734
2LF0;17735
2LF1;17311
2LF2;17736
2LF3;17737
2LF4;17738
2LF6;17739
2LF7;17741
2LF8;17742
2LFC;17747
2LFD;17749
2LFE;17750
2LFF;17751
2LFG;17752
2LFH;17753
2LFI;17754
2LFJ;17762
2LFK;17763
2LFL;17779
2LFM;17764
2LFN;17765
2LFO;17767
2LFP;17768
2LFR;17775
2LFS;17776
2LFT;17780
2LFU;16679
2LFV;17783
2LFW;17784
2LG1;16195
2LG4;17792
2LG5;17797
2LG6;17798
2LG7;17799
2LGB;17803
2LGD;17805
2LGE;17806
2LGF;17807
2LGG;17808
2LGH;17809
2LGJ;17811
2LGK;17812
2LGL;17813
2LGN;17816
2LGO;17818
2LGP;16480
2LGQ;17821
2LGR;15593
2LGT;17822
2LGV;17824
2LGW;17825
2LGX;17827
2LGY;17828
2LGZ;16701
2LH0;17832
2LH8;17834
2LH9;17835
2LHA;17838
2LHC;17839
2LHD;17840
2LHE;17841
2LHF;17842
2LHG;17843
2LHH;17849
2LHI;17850
2LHJ;17855
2LHK;17856
2LHN;17858
2LHR;17862
2LHS;17160
2LHT;17865
2LI5;17879
2LI6;17880
2LI7;17882
2LI8;17883
2LI9;17884
2LIC;17888
2LID;17889
2LIE;17890
2LIF;17891
2LIO;17900
2LIQ;17902
2LIR;17903
2LIT;17904
2LIU;17906
2LIW;17907
2LIX;17908
2LIY;11452
2LIZ;17911
2LJ0;17912
2LJ1;17913
2LJ3;17915
2LJ4;17918
2LJ5;17919
2LJ6;17283
2LJ7;17923
2LJ8;17374
2LJA;17927
2LJB;17928
2LJC;17929
2LJD;17930
2LJE;17931
2LJF;17932
2LJH;17936
2LJI;17939
2LJK;16413
2LJL;17948
2LJM;17949
2LJP;17952
2LJQ;17955
2LJS;17956
2LJT;17958
2LJU;17962
2LJV;17963
2LJW;17965
2LJX;17967
2LJY;17968
2LK0;17969
2LK1;17970
2LK2;17971
2LK4;17974
2LK5;17979
2LK6;17997
2LKB;17988
2LKC;6946
2LKD;6995
2LKG;17991
2LKH;17992
2LKI;17995
2LKI;6769
2LKJ;17990
2LKK;17303
2LKL;16911
2LKM;18000
2LKN;18001
2LKO;18002
2LKP;18003
2LKQ;18009
2LKS;18010
2LKT;18012
2LKV;18013
2LKW;18014
2LKX;18015
2LKY;18016
2LKZ;18017
2LL0;18018
2LL1;18019
2LL2;18022
2LL4;17667
2LL5;18023
2LL6;18027
2LL7;18028
2LL8;18032
2LLA;17287
2LLD;18043
2LLE;18044
2LLF;18046
2LLG;18047
2LLH;18048
2LLI;18049
2LLK;18051
2LLL;18053
2LLM;18080
2LLN;18081
2LLO;18082
2LLQ;18084
2LLR;18085
2LLS;18087
2LLT;18088
2LLU;18089
2LLV;18090
2LLW;18091
2LLX;18092
2LLY;18093
2LLZ;18086
2LM0;18094
2LM1;18095
2LM2;18096
2LM3;18097
2LM4;18098
2LM5;18099
2LM8;18102
2LM9;18107
2LMA;17584
2LMC;18111
2LMD;18112
2LMF;18114
2LMG;18115
2LMI;18118
2LMJ;18119
2LML;16860
2LMR;18134
2LMS;18135
2LMT;17353
2LMV;17354
2LMZ;18141
2LN0;18142
2LN3;18145
2LN4;18146
2LN7;18152
2LNA;18156
2LNB;18158
2LNC;17523
2LND;18161
2LNE;18162
2LNF;18163
2LNG;18164
2LNI;18166
2LNJ;18167
2LNK;18169
2LNM;18171
2LNS;18178
2LNT;18179
2LNU;18180
2LNV;18181
2LNW;18182
2LNX;18183
2LNZ;18186
2LO1;18190
2LO2;18191
2LO3;18192
2LO4;18195
2LO6;17173
2LO7;17987
2LO9;18203
2LOC;18206
2LOE;18210
2LOJ;18214
2LOK;18215
2LOL;18216
2LOM;18217
2LON;18218
2LOO;18219
2LOP;18220
2LOQ;18221
2LOR;18222
2LOS;18223
2LOT;18224
2LOU;18225
2LOV;18226
2LOW;18227
2LOX;18229
2LOY;16833
2LOZ;17364
2LP0;17407
2LP2;18230
2LP3;18231
2LP4;18234
2LP5;17149
2LP6;6173
2LP7;18237
2LP8;18238
2LPB;18244
2LPC;18250
2LPD;18255
2LPE;17045
2LPF;18256
2LPI;18261
2LPJ;18262
2LPK;18263
2LPM;16905
2LPN;18269
2LPU;18277
2LPV;18278
2LPX;18281
2LPY;18282
2LQ0;18284
2LQ1;18286
2LQ2;18289
2LQ3;18290
2LQ4;17993
2LQ5;18292
2LQ6;18296
2LQ7;18297
2LQ8;18298
2LQ9;18299
2LQA;18300
2LQB;18301
2LQC;18302
2LQD;17415
2LQG;18313
2LQH;18314
2LQI;18315
2LQJ;18316
2LQK;18193
2LQL;18318
2LQM;18320
2LQN;18321
2LQO;18322
2LQP;18323
2LQQ;18325
2LQR;15512
2LQT;18328
2LQU;18329
2LQV;18332
2LQW;18333
2LQX;18334
2LQY;18335
2LR0;18337
2LR1;18340
2LR2;18126
2LR3;18345
2LR4;18346
2LR5;18347
2LR6;18349
2LR7;18350
2LR8;18352
2LR9;18354
2LRA;18355
2LRC;18130
2LRD;18357
2LRE;18358
2LRG;18364
2LRH;18372
2LRI;18374
2LRJ;18375
2LRK;18379
2LRL;18379
2LRN;18387
2LRO;18388
2LRP;18389
2LRQ;18390
2LRR;18391
2LRS;18393
2LRT;18394
2LRU;18398
2LRV;18283
2LRW;18399
2LRX;18400
2LS0;18404
2LS1;18405
2LS2;18408
2LS3;18409
2LS4;18410
2LS5;18411
2LS6;17694
2LS7;18412
2LS8;18415
2LS9;18418
2LSA;18420
2LSB;18426
2LSE;18429
2LSG;18431
2LSH;17596
2LSI;18432
2LSJ;18433
2LSK;18434
2LSL;18435
2LSM;18437
2LSN;17745
2LSO;18438
2LSP;18439
2LSQ;18440
2LSR;18441
2LSS;18442
2LST;18443
2LSU;18445
2LSV;18447
2LSW;18449
2LSY;18455
2LT1;18194
2LT2;17957
2LT3;15977
2LT4;18121
2LT5;17973
2LT7;18462
2LT8;18463
2LT9;18464
2LTA;18465
2LTB;18466
2LTC;18467
2LTD;18469
2LTE;18468
2LTF;18475
2LTH;18480
2LTI;18481
2LTJ;18484
2LTK;18485
2LTL;18487
2LTM;18489
2LTO;18490
2LTP;18492
2LTQ;18493
2LTT;18496
2LTU;18497
2LTV;18498
2LTW;18499
2LTX;18500
2LTY;18501
2LTZ;18502
2LU3;18507
2LU4;18508
2LU5;18509
2LU6;18510
2LU7;18511
2LU9;18513
2LUA;18514
2LUC;18425
2LUD;18517
2LUE;18518
2LUF;18519
2LUG;18520
2LUH;18521
2LUI;18522
2LUL;18526
2LUM;18531
2LUO;18533
2LUP;18534
2LUQ;18535
2LUR;18536
2LUS;18539
2LUT;18540
2LUU;18541
2LUV;18542
2LUW;18338
2LUX;18545
2LUY;18546
2LUZ;18547
2LV1;18550
2LV2;18551
2LV3;17636
2LV4;18553
2LV5;18555
2LV6;18556
2LV7;18557
2LV9;18559
2LVA;18560
2LVB;18561
2LVC;18563
2LVF;6529
2LVH;18570
2LVI;18571
2LVJ;18572
2LVK;18573
2LVL;17534
2LVM;18579
2LVN;18581
2LVO;18582
2LVP;18583
2LVQ;18584
2LVS;18589
2LVV;18011
2LVW;18591
2LVX;18592
2LVZ;18596
2LW1;17989
2LW3;18602
2LW4;18605
2LW5;18606
2LW6;18607
2LW7;18612
2LW8;18613
2LWA;18617
2LWB;18618
2LWC;18619
2LWD;18622
2LWE;18623
2LWF;18624
2LWJ;18151
2LWL;18634
2LWP;18416
2LWQ;18641
2LWR;18642
2LWS;18643
2LWT;18644
2LWU;18645
2LWW;18650
2LWX;17685
2LWY;18653
2LWZ;18654
2LX0;18655
2LX2;18657
2LX3;18657
2LX4;18658
2LX6;18661
2LX7;18662
2LX9;18668
2LXA;18669
2LXB;18670
2LXC;18671
2LXD;16779
2LXE;18672
2LXF;18673
2LXG;20048
2LXH;18677
2LXI;18678
2LXJ;18679
2LXK;18680
2LXL;18681
2LXM;18682
2LXN;17935
2LXO;18684
2LXP;18688
2LXR;18692
2LXS;18694
2LXT;18695
2LXU;18698
2LXW;18700
2LXZ;18705
2LY0;18706
2LY2;18211
2LY3;18707
2LY4;18709
2LY5;16215
2LY6;18710
2LY7;18712
2LY8;18713
2LY9;18714
2LYA;18715
2LYB;18716
2LYC;18717
2LYF;18723
2LYH;18725
2LYI;18726
2LYJ;17892
2LYK;17893
2LYL;17894
2LYP;17895
2LYQ;17896
2LYR;17897
2LYS;17898
2LYV;18728
2LYX;18732
2LYY;18733
2LZ0;18734
2LZ1;18735
2LZ5;18736
2LZ6;18737
2LZE;18749
2LZF;18753
2LZG;18755
2LZJ;18758
2LZL;18763
2LZN;17512
2LZO;18766
2LZP;18768
2LZQ;18769
2LZR;18770
2LZS;18771
2LZU;18778
2LZX;18783
2LZY;18784
2LZZ;18787
2M00;18788
2M01;18789
2M03;18792
2M04;18793
2M05;18794
2M06;18796
2M07;18797
2M08;18801
2M09;18802
2M0A;18587
2M0B;18804
2M0C;18805
2M0G;18808
2M0J;17771
2M0K;17771
2M0M;18811
2M0N;18812
2M0O;18813
2M0P;18816
2M0Q;18817
2M0R;18818
2M0S;18822
2M0T;18824
2M0U;18825
2M0V;18826
2M0W;18830
2M0X;18831
2M0Y;18832
2M0Z;18833
2M10;18834
2M13;18840
2M14;18842
2M16;18478
2M17;18844
2M19;18850
2M1A;18852
2M1B;17014
2M1C;18856
2M1D;18858
2M1E;18859
2M1F;18861
2M1H;18474
2M1I;18864
2M1J;18865
2M1K;18868
2M1L;18869
2M1M;18870
2M1N;18871
2M1R;18874
2M1S;15660
2M1U;18880
2M1W;18882
2M1X;18883
2M1Z;18887
2M20;18888
2M26;18901
2M2A;18904
2M2B;18905
2M2D;18908
2M2E;18909
2M2F;18912
2M2I;18916
2M2J;18917
2M2K;15440
2M2L;18920
2M2O;18924
2M2P;18925
2M2Q;18926
2M2T;18933
2M2U;18934
2M2V;18935
2M2W;18935
2M30;7376
2M32;18942
2M33;18919
2M34;18944
2M35;18945
2M36;18946
2M37;18948
2M38;17934
2M3A;18951
2M3B;18952
2M3C;18953
2M3D;18954
2M3E;18958
2M3F;18959
2M3H;18963
2M3I;18964
2M3J;18965
2M3K;18966
2M3L;18967
2M3M;17942
2M3N;18970
2M3O;18971
2M3S;18976
2M3T;17576
2M3U;17582
2M3V;18228
2M3W;17857
2M3X;18978
2M3Z;18980
2M41;18982
2M45;18986
2M46;18987
2M47;18989
2M48;18990
2M49;18995
2M4E;19000
2M4F;19001
2M4G;19002
2M4H;19003
2M4I;19007
2M4L;19012
2M4M;19013
2M4N;19014
2M4V;19023
2M4X;19026
2M4Y;19027
2M4Z;19030
2M50;19032
2M51;19033
2M52;19034
2M55;19036
2M56;19038
2M59;19041
2M5A;19043
2M5B;19045
2M5C;19047
2M5D;19048
2M5E;19050
2M5F;19052
2M5H;18548
2M5I;19054
2M5J;18201
2M5L;19059
2M5O;19068
2M5P;19070
2M5Q;19071
2M5R;17886
2M5S;18566
2M5T;19079
2M5V;18242
2M5W;18621
2M5X;19085
2M5Y;19087
2M5Z;19094
2M60;19101
2M61;19102
2M62;19103
2M63;19106
2M64;19107
2M65;19108
2M68;19117
2M6A;19124
2M6B;19126
2M6C;19128
2M6D;19129
2M6E;19130
2M6F;19131
2M6G;19132
2M6H;19133
2M6I;19126
2M6J;19142
2M6K;19143
2M6M;19146
2M6O;19148
2M6P;19149
2M6Q;5844
2M6R;19151
2M6S;19152
2M6T;19153
2M6U;19155
2M6X;19162
2M6Y;19163
2M70;19167
2M71;19168
2M72;19169
2M73;19170
2M74;18843
2M75;19210
2M76;19174
2M78;19176
2M7A;19178
2M7B;19179
2M7C;19180
2M7D;19183
2M7E;19184
2M7F;19211
2M7G;19185
2M7H;19212
2M7I;19190
2M7J;19192
2M7K;19193
2M7L;19195
2M7M;19196
2M7N;19197
2M7O;19198
2M7P;19200
2M7Q;19201
2M7S;19203
2M7T;19205
2M7U;19213
2M7V;19214
2M7W;19215
2M7X;19216
2M7Z;19217
2M80;19218
2M83;19225
2M85;19229
2M87;19231
2M88;19232
2M89;19235
2M8B;19237
2M8C;19242
2M8D;19248
2M8E;19249
2M8F;19250
2M8G;19251
2M8H;19252
2M8I;19258
2M8J;19259
2M8L;19261
2M8M;19262
2M8O;19263
2M8P;19264
2M8R;19266
2M8S;18416
2M8T;19268
2M8U;19274
2M8V;19275
2M8W;5844
2M96;19283
2M97;19285
2M98;19286
2M99;19287
2M9A;19288
2M9E;19291
2M9F;19292
2M9G;19293
2M9H;19294
2M9I;19295
2M9J;19296
2M9K;19298
2M9L;19300
2M9M;19302
2M9N;19303
2M9O;19304
2M9P;19305
2M9Q;19306
2M9R;19309
2M9U;19299
2M9V;19311
2M9W;19312
2M9X;19314
2M9Y;19315
2MA1;19317
2MA2;19319
2MA3;19187
2MA4;19327
2MA5;19328
2MA6;19329
2MA7;19331
2MA8;15090
2MA9;19333
2MAA;19334
2MAB;19340
2MAE;19342
2MAH;19354
2MAI;19355
2MAJ;19362
2MAK;19363
2MAL;19365
2MAM;17607
2MAO;19366
2MAP;19367
2MAR;19372
2MAU;19374
2MAW;19379
2MAX;19380
2MAZ;6699
2MB0;19382
2MB1;19383
2MB7;19391
2MB9;19392
2MBC;19395
2MBE;19397
2MBF;19398
2MBG;17608
2MBH;19399
2MBK;19403
2MBL;19404
2MBO;19406
2MBQ;19412
2MBS;19413
2MBT;19417
2MBV;19415
2MBX;18113
2MBY;19416
2MBZ;19421
2MC0;19422
2MC1;19423
2MC2;19425
2MC3;17324
2MC4;19427
2MC5;19428
2MC8;19431
2MC9;19432
2MCA;19433
2MCD;19436
2MCE;19437
2MCF;19438
2MCH;19439
2MCK;19444
2MCN;19447
2MCQ;19449
2MCR;19450
2MCT;19453
2MCY;19458
2MCZ;19459
2MD0;19460
2MD1;19468
2MD2;19469
2MD3;19470
2MD4;19471
2MD5;19474
2MD6;19476
2MD7;19472
2MD8;19473
2MD9;19479
2MDA;19482
2MDB;11538
2MDC;19483
2MDF;19484
2MDG;19486
2MDI;19487
2MDJ;19488
2MDK;19489
2MDL;18363
2MDP;19498
2MDQ;19501
2MDR;19502
2MDT;17298
2MDU;19503
2MDV;19504
2MDW;19505
2MDX;19508
2MDZ;19510
2ME0;19511
2ME1;19512
2ME2;19513
2ME3;19514
2ME4;19515
2ME7;19519
2ME8;19520
2ME9;19521
2MEK;19523
2MEL;19524
2MEM;19526
2MEN;19527
2MEO;19528
2MES;19238
2MET;19531
2MEU;19532
2MEW;19533
2MEX;18276
2MEY;7276
2MEZ;19028
2MF2;17288
2MF3;19535
2MF4;19536
2MF6;18125
2MF7;19538
2MF8;19540
2MF9;6923
2MFA;19542
2MFC;19544
2MFE;19546
2MFF;19547
2MFG;19548
2MFH;19549
2MFI;19550
2MFJ;19552
2MFK;19553
2MFM;19555
2MFO;19556
2MFQ;19562
2MFR;19568
2MFS;19570
2MFX;19577
2MFY;19578
2MFZ;19579
2MG0;19580
2MG1;19581
2MG2;19582
2MG3;19583
2MG4;19585
2MG5;19586
2MG6;19587
2MG9;19593
2MGO;19595
2MGP;19233
2MGQ;19600
2MGR;19234
2MGS;19601
2MGT;19602
2MGU;19604
2MGV;19605
2MGW;19606
2MGX;19607
2MGY;19608
2MGZ;19609
2MH0;19610
2MH1;19611
2MH2;19613
2MH3;19614
2MH4;19617
2MH8;19623
2MH9;19530
2MHC;19625
2MHD;19627
2MHE;19628
2MHF;19621
2MHG;19632
2MHH;19633
2MHJ;19635
2MHK;18853
2MHL;19637
2MHM;19638
2MHN;19642
2MHO;19643
2MHP;19646
2MHS;19654
2MHV;19657
2MHW;19658
2MHY;19660
2MI1;19663
2MI2;19618
2MI5;19666
2MI6;19667
2MI7;19668
2MI8;19670
2MI9;18998
2MIA;18999
2MIC;19673
2MID;19674
2MIE;19675
2MIF;19677
2MIH;19679
2MII;19681
2MIJ;19683
2MIM;19687
2MIO;19684
2MIQ;19682
2MIT;19693
2MIU;19694
2MIX;19697
2MJ0;19700
2MJ1;19701
2MJ2;19702
2MJ3;19703
2MJ4;19704
2MJ6;19707
2MJ7;19709
2MJ8;19710
2MJA;19713
2MJD;19717
2MJE;19718
2MJH;19726
2MJI;19727
2MJK;19729
2MJL;19731
2MJM;19732
2MJN;19735
2MJO;19741
2MJR;11552
2MJS;11553
2MJT;11554
2MJU;19737
2MJV;19738
2MJW;19739
2MJY;19746
2MK2;19749
2MK3;19750
2MK4;19751
2MK5;19752
2MK6;19755
2MK9;19764
2MKB;19765
2MKC;19766
2MKE;19771
2MKF;19773
2MKG;19774
2MKH;19775
2MKI;19776
2MKJ;19777
2MKK;19778
2MKL;19783
2MKN;17679
2MKP;19789
2MKR;19791
2MKS;19792
2MKV;19797
2MKW;19798
2MKX;19799
2MKY;19800
2MKZ;19801
2ML1;15716
2ML2;17249
2ML3;16956
2ML5;19806
2ML6;19807
2ML7;19808
2ML8;16085
2ML9;19809
2MLA;19810
2MLB;19811
2MLD;19813
2MLE;19816
2MLF;19817
2MLH;19343
2MLI;19822
2MLJ;19823
2MLK;18200
2MLM;19826
2MLO;19828
2MLQ;19829
2MLS;7089
2MLU;19832
2MLV;19833
2MLW;19834
2MLX;19835
2MLY;19836
2MLZ;19837
2MM0;19840
2MM2;19841
2MM3;19843
2MM4;19845
2MM5;19846
2MM6;19847
2MM8;19830
2MM9;19849
2MMA;19850
2MMB;19851
2MMC;19852
2MMG;19854
2MMH;19084
2MMI;19855
2MMJ;19856
2MMK;19857
2MML;19858
2MMM;19859
2MMO;16147
2MMP;19860
2MMT;19865
2MMV;19869
2MMW;21000
2MMX;19870
2MMY;19320
2MN1;19874
2MN2;19876
2MN3;19878
2MN4;19879
2MN5;19880
2MN8;19882
2MN9;19883
2MNA;19095
2MNG;19891
2MNH;19892
2MNI;19893
2MNS;19902
2MNU;19906
2MNW;19910
2MNY;19913
2MNZ;19914
2MO0;19915
2MO1;19916
2MO5;19921
2MOA;19932
2MOB;4486
2MOC;19933
2MOE;19939
2MOF;19941
2MOG;19942
2MOI;19943
2MOK;19945
2MOL;19946
2MOP;19947
2MOQ;19056
2MOR;6457
2MOT;17278
2MOU;19952
2MOV;19953
2MOW;19954
2MOX;19955
2MP1;19960
2MP2;19961
2MP3;19962
2MP4;18356
2MP5;19963
2MP8;19970
2MP9;19973
2MPB;19974
2MPC;19875
2MPE;19042
2MPF;19977
2MPH;19551
2MPI;19979
2MPJ;19986
2MPK;19987
2MPL;19988
2MPM;19989
2MPN;19994
2MPO;15961
2MPQ;19998
2MPS;18876
2MPT;25000
2MPU;18776
2MPV;25001
2MPW;25002
2MQ0;25007
2MQ1;25008
2MQ2;25009
2MQ3;25010
2MQ4;25011
2MQ5;25012
2MQ6;25016
2MQ8;25018
2MQ9;25020
2MQA;25024
2MQB;25026
2MQC;25027
2MQD;25028
2MQE;25030
2MQF;25031
2MQG;25032
2MQH;25033
2MQJ;25036
2MQK;25037
2MQL;25038
2MQM;25039
2MQN;25040
2MQO;25041
2MQP;25042
2MQQ;25043
2MQS;25048
2MQU;25050
2MQW;19220
2MR3;19219
2MR5;25061
2MR6;25062
2MR7;25064
2MR8;25065
2MR9;25066
2MRA;25067
2MRC;25068
2MRD;25069
2MRE;25070
2MRF;25071
2MRI;19221
2MRJ;25081
2MRK;25082
2MRL;25083
2MRM;25085
2MRN;25086
2MRU;25092
2MRW;25096
2MRY;25098
2MS3;25102
2MS4;25104
2MS8;25109
2MSA;25112
2MSF;25122
2MSK;25124
2MSL;25125
2MSO;25128
2MSQ;25129
2MSR;25130
2MSV;25135
2MSW;25137
2MSX;25139
2MSY;25142
2MT3;25147
2MT4;25148
2MT5;25149
2MT6;25150
2MT7;25151
2MT8;25152
2MT9;25153
2MTB;25155
2MTC;25156
2MTD;25157
2MTE;25158
2MTF;25159
2MTG;25160
2MTI;19282
2MTL;25165
2MTM;25169
2MTO;25174
2MTQ;25177
2MTS;25181
2MTT;25186
2MTU;25187
2MTV;25188
2MTW;25189
2MTX;25190
2MTY;25191
2MU0;25195
2MU3;17899
2MU4;25168
2MU6;25200
2MU7;25201
2MU8;25202
2MU9;25203
2MUA;25204
2MUB;25205
2MUD;25206
2MUE;25207
2MUF;25209
2MUG;25211
2MUH;25212
2MUI;6644
2MUJ;25215
2MUK;25217
2MUL;25219
2MUM;25221
2MUN;25223
2MUQ;25229
2MUR;25230
2MUU;19077
2MUX;19111
2MUY;25235
2MV1;25238
2MV2;25240
2MV3;25241
2MV4;25087
2MV6;25079
2MV7;19516
2MV8;25250
2MV9;25251
2MVA;25254
2MVB;25259
2MVF;25265
2MVG;25266
2MVH;25268
2MVI;25269
2MVJ;25270
2MVK;25273
2MVL;25274
2MVM;25275
2MVN;25276
2MVO;25277
2MVT;25283
2MVU;25284
2MVV;25287
2MVW;25288
2MVZ;18628
2MW0;25293
2MW1;25294
2MW2;25296
2MW3;25297
2MW4;25298
2MW5;25299
2MW6;25300
2MW7;25302
2MW8;25307
2MW9;25309
2MWA;25310
2MWB;25311
2MWC;25308
2MWD;25313
2MWE;25314
2MWF;25315
2MWG;17643
2MWH;25324
2MWI;25326
2MWJ;25331
2MWK;25332
2MWL;25335
2MWM;25342
2MWN;25343
2MWO;25347
2MWP;25348
2MWQ;25350
2MWR;25352
2MWT;25363
2MWX;25376
2MX0;25380
2MX1;25381
2MX2;25382
2MX7;25395
2MX8;25397
2MX9;25398
2MXA;19971
2MXB;25396
2MXC;25402
2MXD;25404
2MXE;25405
2MXF;25407
2MXG;25408
2MXH;25409
2MXM;25419
2MXN;19736
2MXO;25421
2MXP;25423
2MXQ;25424
2MXT;25428
2MXV;25433
2MXW;25434
2MXX;25435
2MXY;25436
2MXZ;25437
2MY1;25439
2MY2;25442
2MY3;25443
2MY5;25446
2MY6;25447
2MY7;19685
2MY8;16884
2MY9;25448
2MYF;25449
2MYG;25451
2MYH;25452
2MYI;19558
2MYJ;25454
2MYL;25456
2MYM;25457
2MYN;17076
2MYP;17074
2MYQ;25458
2MYT;17077
2MYU;25243
2MYV;25459
2MYW;25460
2MYX;25461
2MYY;25464
2MYZ;25465
2MZ0;25468
2MZ1;25469
2MZ2;25470
2MZ3;25471
2MZ4;25472
2MZ6;25474
2MZ7;25475
2MZ8;25476
2MZ9;25477
2MZA;25478
2MZB;25482
2MZC;25483
2MZD;25484
2MZF;19493
2MZF;25486
2MZG;25487
2MZH;25488
2MZI;25489
2MZK;25490
2MZN;25492
2MZP;25495
2MZQ;25496
2MZR;25497
2MZS;25498
2MZT;25499
2MZU;25502
2MZV;19689
2MZW;25504
2MZX;25505
2MZY;25508
2MZZ;25509
2N00;25510
2N02;25513
2N03;19753
2N04;25514
2N05;25515
2N07;25516
2N08;25517
2N09;26536
2N0B;25519
2N0C;25520
2N0D;25521
2N0E;25522
2N0F;25523
2N0G;25524
2N0H;25525
2N0I;26538
2N0K;25527
2N0M;18636
2N0N;26537
2N0O;25529
2N0U;25536
2N0W;25538
2N0X;25539
2N0Y;25540
2N0Z;25541
2N10;25542
2N11;25543
2N12;25544
2N13;25545
2N14;25546
2N16;25548
2N17;18896
2N18;25551
2N19;25552
2N1A;25553
2N1B;25554
2N1C;25555
2N1D;25556
2N1G;25559
2N1H;25560
2N1I;25562
2N1K;25564
2N1L;25565
2N1M;25567
2N1N;25568
2N1O;25569
2N1P;25570
2N1R;25573
2N1S;25574
2N1U;25575
2N1V;25576
2N1W;25577
2N21;25582
2N23;25584
2N24;25585
2N27;25588
2N29;25592
2N2A;25593
2N2C;25595
2N2E;25194
2N2F;25597
2N2G;25598
2N2H;25599
2N2J;19390
2N2M;25281
2N2N;25602
2N2Q;25605
2N2R;25609
2N2S;25610
2N2T;25611
2N2U;25612
2N2V;25613
2N2W;25614
2N2X;25615
2N2Y;25627
2N2Z;25630
2N30;25631
2N32;25175
2N34;19966
2N35;25634
2N37;25636
2N39;25638
2N3A;25639
2N3B;25640
2N3D;25642
2N3E;25643
2N3F;25138
2N3J;25645
2N3K;25649
2N3L;25650
2N3O;25652
2N3P;25653
2N3S;25656
2N3T;25657
2N3X;25659
2N3Y;25660
2N3Z;25662
2N40;25663
2N41;25664
2N45;25237
2N46;17610
2N47;16806
2N49;15843
2N4B;17611
2N4D;15721
2N4E;25666
2N4F;16029
2N4G;25667
2N4H;25668
2N4I;17833
2N4K;25670
2N4N;25673
2N4O;17978
2N4P;25675
2N4Q;25677
2N4R;25678
2N4S;25679
2N4T;25680
2N4U;25681
2N4V;25682
2N4W;25683
2N4X;25685
2N50;25688
2N51;25690
2N52;25691
2N53;25692
2N54;25693
2N56;26593
2N58;25699
2N59;25700
2N5A;25702
2N5B;25703
2N5C;25704
2N5D;25706
2N5E;25710
2N5F;25712
2N5G;6999
2N5H;25716
2N5I;25717
2N5J;25718
2N5K;25719
2N5L;25720
2N5M;25722
2N5N;18906
2N5Q;25725
2N5R;25726
2N5S;25729
2N5T;25731
2N5U;25732
2N5W;25737
2N5X;25740
2N5Y;25741
2N5Z;25744
2N62;25748
2N63;25749
2N64;25750
2N65;25751
2N66;25753
2N67;19463
2N68;25754
2N69;25755
2N6A;25757
2N6B;25758
2N6D;25760
2N6E;25761
2N6F;25762
2N6G;25763
2N6H;25764
2N6I;25765
2N6L;25768
2N6N;25774
2N6O;25775
2N6P;25776
2N6R;25778
2N6U;25782
2N6V;25783
2N6Y;25786
2N6Z;25787
2N70;25788
2N71;25789
2N72;25790
2N73;25791
2N74;25793
2N77;25796
2N78;26649
2N79;25797
2N7A;25798
2N7B;25799
2N7C;25800
2N7D;25801
2N7E;25803
2N7F;25804
2N7G;25805
2N7I;25806
2N7J;25807
2N7K;25808
2N7L;25810
2N7N;25813
2N7O;25814
2N7P;25816
2N7Q;25817
2N7R;25818
2N7S;25819
2N7T;25820
2N7Z;25828
2N80;25829
2N81;25830
2N82;25831
2N83;25833
2N84;25834
2N85;25835
2N86;25836
2N87;19904
2N88;25837
2N8A;25888
2N8B;25844
2N8C;25845
2N8D;25846
2N8E;25847
2N8F;25848
2N8G;25849
2N8H;26674
2N8I;25850
2N8J;25852
2N8K;25853
2N8L;25854
2N8M;25855
2N8N;25856
2N8O;25857
2N8P;25858
2N8Q;18567
2N8R;25859
2N8S;25864
2N8T;25865
2N8U;25866
2N8W;25868
2N8X;25869
2N8Y;25870
2N8Z;25871
2N90;25872
2N91;25874
2N92;25877
2N93;25400
2N94;26691
2N95;25881
2N97;25883
2N98;25886
2N99;25887
2N9B;25899
2N9C;25900
2N9D;26574
2N9E;25901
2N9G;25905
2N9I;25907
2N9J;25908
2N9K;25909
2N9L;25910
2N9M;25911
2N9O;25913
2N9P;25914
2N9R;25916
2N9T;25917
2N9U;25918
2N9V;18565
2N9W;18562
2N9X;25919
2N9Y;25920
2N9Z;25922
2NA0;26688
2NA1;25923
2NA2;25924
2NA3;25926
2NA4;25927
2NA5;25928
2NA6;25929
2NA7;25930
2NA8;25931
2NA9;25932
2NAA;25933
2NAB;25934
2NAE;25935
2NAJ;25939
2NAL;25941
2NAM;25942
2NAN;25802
2NAQ;25943
2NAR;25944
2NAS;18471
2NAT;25946
2NAU;25947
2NAV;25948
2NAW;25949
2NAX;25953
2NAZ;18849
2NB0;25957
2NB2;25959
2NB4;25961
2NB5;25962
2NB6;25963
2NB7;25965
2NB8;25966
2NB9;25967
2NBA;25969
2NBB;25970
2NBC;25971
2NBD;25972
2NBE;25973
2NBF;25974
2NBG;25975
2NBH;25976
2NBJ;19957
2NBL;25982
2NBM;25983
2NBN;25984
2NBO;25986
2NBP;25987
2NBQ;25985
2NBR;25993
2NBS;25994
2NBV;25995
2NC2;26001
2NC3;26005
2NC4;26006
2NC5;26007
2NC6;26008
2NC7;26009
2NC8;26010
2NC9;26011
2NCA;26012
2NCE;26016
2NCG;26021
2NCH;26022
2NCJ;26026
2NCL;26031
2NCN;26603
2NCO;26723
2NCP;26724
2NCS;26034
2NCT;26035
2NCU;26036
2NCV;26037
2NCW;26038
2NCY;26040
2NCZ;26041
2ND0;26042
2ND1;26043
2ND3;26046
2ND4;19866
2ND5;26047
2ND6;26049
2ND7;26050
2ND8;26051
2ND9;26052
2NDA;26053
2NDB;26054
2NDC;26055
2NDD;26056
2NDE;26057
2NDF;26059
2NDG;26060
2NDH;26061
2NDI;26062
2NDJ;16621
2NDK;26063
2NDL;26064
2NDM;26065
2NDN;26066
2NDP;26068
2NLN;7322
2NMB;4263
2NNZ;7271
2NO8;7323
2NOC;7366
2NPB;7324
2NPL;7291
2NPR;15007
2NPU;6760
2NRG;7320
2NSV;7326
2NSW;7327
2NVJ;15025
2NWT;7362
2NX6;15103
2NXU;15229
2O3D;7301
2O4E;7270
2O8K;15083
2O9L;15083
2OA4;7371
2OBU;6681
2OFN;15038
2OI3;6581
2OII;5882
2OJ2;6581
2OQ3;15126
2ORC;4207
2OSQ;7383
2OSR;7382
2OT2;15152
2OUT;6780
2OWI;7106
2OYV;15145
2OYW;15145
2OZW;6625
2OZX;6625
2P0P;7381
2P4L;15174
2P5H;7389
2P5J;7388
2P6J;7401
2P81;7386
2PCO;7402
2PJF;5117
2PJG;7399
2PJI;7400
2PLD;5310
2PLD;5318
2PNG;15449
2POA;6150
2PP4;7396
2PPZ;15245
2PQE;15232
2PRU;5377
2PXG;6797
2QMV;6549
2RLG;11002
2RLH;11003
2RLJ;11004
2RLY;11007
2RM0;11008
2RM4;11009
2RMK;11010
2RML;11011
2RMN;11012
2RMO;11026
2RMY;11050
2RN7;11017
2RN8;11018
2RN9;11019
2RNB;11020
2RND;11049
2RNE;11374
2RNE;11375
2RNE;11376
2RNG;11022
2RNN;11029
2RNO;11030
2RNZ;11033
2RO0;11032
2RO5;11034
2ROH;11038
2ROL;11040
2ROO;11044
2ROP;11041
2ROT;11043
2RPB;11060
2RPJ;11346
2RPS;11054
2RPZ;11061
2RQ0;11062
2RQ1;11065
2RQ2;11072
2RQF;11073
2RQK;11076
2RQL;11077
2RQS;11080
2RQT;11081
2RQU;11082
2RQZ;11006
2RR4;11115
2RR8;11175
2RRD;11252
2RRE;11250
2RRF;11251
2RRH;11419
2RRI;11420
2RRK;11422
2RRL;11423
2RRM;11424
2RRN;11426
2RRT;11440
2RRU;11443
2RS2;11450
2RS4;11451
2RS6;11456
2RS7;11457
2RS8;11458
2RS9;11463
2RSC;11468
2RSD;11469
2RSE;11471
2RSF;11472
2RSG;11473
2RSM;11491
2RSN;11496
2RSO;11497
2RSQ;11502
2RST;6226
2RSU;11505
2RSV;11506
2RSW;21019
2RSX;11507
2RSY;11508
2RT3;11523
2RT4;11524
2RT5;11504
2RT6;11525
2RT9;11529
2RTS;11530
2RTT;11531
2RTU;11532
2RTV;11539
2RTX;11534
2RTY;11535
2RTZ;11536
2RU0;11537
2RU1;11540
2RU2;11543
2RU3;11541
2RU4;11544
2RU5;11548
2RU6;11547
2RU8;11549
2RU9;11555
2RUC;11559
2RUD;11560
2RUE;11561
2RUF;11562
2RUG;11563
2RUH;11569
2RUI;11570
2RUK;11578
2RUM;11580
2RUN;11581
2RUO;11582
2RUP;11583
2RUQ;11587
2RUR;11588
2RUT;11474
2RUU;11475
2RUV;11486
2RUW;11476
2RUX;11477
2RUY;11478
2RUZ;11479
2RV0;11480
2RV1;11481
2RV2;11482
2RV3;11483
2RV4;11484
2RV5;11485
2RV6;11488
2RV7;11487
2RV8;11590
2RV9;11591
2RVA;11592
2RVB;11594
2RVC;11595
2RVD;20009
2RVF;11597
2RVH;11599
2RVJ;11601
2RVK;11546
2RVQ;11609
2TMP;4214
2V1N;6938
2V1V;4246
2V31;7053
2V37;7268
2V6Z;7419
2V9H;15247
2VB5;15480
2VCD;15507
2VGH;5238
2W9O;16136
2W9U;16150
2W9V;16151
2W9W;16152
2WCY;15996
2WH9;16960
2X8N;16790
2XA6;16969
2XBD;4241
2XK0;17050
2XKU;17166
2XV9;6333
2Y4Q;17621
2Y4W;17443
2Y9T;17475
2YH0;17622
2YH1;17623
2YHH;17625
2YKA;17693
2YMJ;18782
2YON;18160
2YQL;11347
2YR3;11236
2YRH;11238
2YRJ;11239
2YRL;11231
2YRM;10306
2YRP;11148
2YRQ;11147
2YRY;11089
2YRZ;11152
2YS0;11150
2YS1;11088
2YS2;11157
2YS3;11087
2YS4;11090
2YS5;11094
2YS9;10298
2YSE;10214
2YSL;11234
2YSM;11237
2YSO;11368
2YSP;11369
2YSQ;11228
2YSZ;10237
2YT0;10238
2YT1;10239
2YT2;11095
2YTD;10307
2YTE;10308
2YTF;10185
2YTG;10186
2YTH;10187
2YTI;10188
2YTJ;10309
2YTK;10310
2YTM;10176
2YTN;11168
2YTO;11171
2YTP;10177
2YTQ;10222
2YTR;10223
2YTS;10156
2YTT;10178
2YU0;10275
2YU8;10234
2YUA;11144
2YUB;11248
2YUE;11351
2YUK;11160
2YUL;11158
2YUM;10193
2YUN;11156
2YUO;10194
2YUP;10195
2YUQ;10211
2YUR;11159
2YUS;11123
2YUU;11151
2YYF;7397
2YZ0;7395
2Z3S;15299
2Z4F;15315
2Z5V;11078
2ZAJ;10215
3BDO;4425
3EZA;4264
3GRX;4225
3LRI;4494
3MSP;4242
3NLA;4199
3ZBE;18841
3ZD0;18863
3ZEH;18878
3ZFJ;18943
3ZG4;18900
3ZGK;18910
3ZGP;18911
3ZJ1;18955
3ZJ2;18956
3ZKT;18972
3ZOB;19049
3ZPD;19066
3ZPM;19067
3ZQD;17701
3ZTG;17772
3ZUA;17403
4A1M;17953
4A24;18004
4A4E;18005
4A4F;18006
4A4G;18007
4A4H;18008
4A52;18037
4A53;18041
4A54;18042
4A5V;18039
4AAI;18132
4AKA;17405
4AOG;18351
4APD;18378
4AR0;18459
4ASV;18341
4AXP;18523
4B19;18590
4B1Q;18897
4B2S;18599
4B2U;18600
4B2V;18729
4B6U;18667
4B6V;18663
4B8T;18702
4BA8;18711
4BD3;18764
4BF8;17713
4BIT;19164
4BMF;4148
4BS2;19290
4BWH;19356
4BXU;19368
4BYA;19376
4C26;19464
4C7Q;19525
4CA3;19539
4CA9;19541
4CH0;18845
4CH1;19653
4CIO;18846
4CPG;19779
4CRP;19824
4CSQ;19848
4CYK;19959
4CZ3;19911
4CZ4;19929
4D4W;25312
4D7X;25372
4UET;18637
4UQT;25047
4UZM;25210
4UZW;25213
4UZX;25214
4V10;25242
4YYP;26547
5A3G;26580
5A4G;25658
5A4H;25684
5AAQ;25734
5AAS;25735
5AAY;25736
5AAZ;25742
5ABK;25745
5AGQ;26517
5AHT;25349
5AIW;26518
5AJ1;26553
5B7A;36000
5B7J;36001
5FIM;25839
5FRF;25955
5FRG;25945
5FRH;25956
5FZV;26002
5FZW;26003
5FZX;26004
5GAJ;30000
5GGM;36005
5GHB;36006
5GHC;36007
5GHD;36008
5GIW;36009
5GJL;36011
5GO0;36012
5GOW;36013
5GPH;36014
5GSF;36016
5GVO;36017
5GVQ;36018
5GWG;36019
5GWM;36021
5H1H;36023
5H1I;36024
5H2S;36025
5H3M;36026
5H3N;36027
5H7U;36034
5HOU;30002
5HP0;30003
5HPD;30004
5HUZ;30005
5HV8;30006
5HVC;30007
5I1R;30008
5I1X;30009
5I22;30010
5I2P;30011
5I4G;30013
5I8N;30017
5IAY;30019
5IAZ;30020
5ID3;30021
5ID5;30022
5IE8;26725
5IEB;30023
5IEC;30024
5IEJ;30025
5IEW;30027
5IIR;30028
5IIV;30029
5IJ4;30030
5IM8;30031
5ION;30032
5IPO;30033
5IQ5;30043
5IRD;30034
5ISN;25132
5IX5;30039
5IX9;30040
5IZB;30042
5J17;30047
5J18;30048
5J2R;30050
5J6T;30057
5J6V;30059
5J6W;30060
5J6Z;30061
5J7J;30062
5J8H;30063
5J8T;30064
5JDP;30065
5JDX;30066
5JHI;30067
5JHJ;30068
5JI4;30069
5JN6;30070
5JOJ;30071
5JOL;30072
5JPL;30073
5JPW;30074
5JPX;30075
5JS7;30077
5JS8;30078
5JTK;30079
5JTL;30080
5JTM;30081
5JTN;30082
5JTO;30083
5JTP;30084
5JTQ;30085
5JTR;30086
5JWJ;30087
5JXV;30088
5JYH;30089
5JYN;30090
5JYT;30091
5JYU;30092
5JYV;30093
5JZR;30094
5K57;30097
5K5F;30098
5K5G;30099
5K6P;30100
5KES;30102
5KGQ;26025
5KGY;30106
5KGZ;30107
5KHB;30109
5KI0;30110
5KIZ;30118
5KJ3;30119
5KJG;30120
5KK9;30123
5KKM;30124
5KNW;30126
5KP0;30127
5KPE;30128
5KPH;30129
5KQB;30130
5KQC;30131
5KQJ;30133
5KRW;30134
5KS5;30135
5KS6;30136
5KTF;30137
5KVN;30138
5KVP;30139
5KWO;30140
5KWX;30142
5KWZ;30143
5KX2;30146
5KZO;30147
5L1C;30149
5L3L;34000
5L3M;34001
5L3N;34002
5L6R;34003
5L7B;34004
5L7M;34005
5L82;34006
5L85;34007
5LAH;34008
5LAM;34009
5LAO;34010
5LBJ;34011
5LCI;34013
5LCS;34014
5LDL;25411
5LDL;34015
5LFF;34016
5LFH;34017
5LFI;34018
5LFY;34019
5LG9;34022
5LGF;25770
5LGM;34024
5LKN;34026
5LM0;34027
5LME;34028
5LMY;34029
5LNF;34030
5LO2;34031
5LQV;34036
5LSD;34037
5LUE;34039
5LV6;34040
5LVF;34041
5LVY;34042
5LW4;19984
5LW8;34043
5LWC;34044
5LXJ;34045
5LXK;34046
5LXL;34047
5M0A;34048
5M1G;34049
5M1H;34050
5M1U;34052
5M4T;34055
5M8I;34057
5M9D;34058
5M9U;34059
5M9Z;34061
5MCS;34064
5MF9;34067
5MFY;34068
5MGQ;34069
5MHD;34070
5ML1;34072
5MMC;34073
5MMK;34074
5MML;34075
5MMU;25968
5MN3;34076
5MNW;34077
5MOU;34078
5MPG;34079
5MPL;34080
5MQX;26753
5MRG;34081
5MS9;19078
5MSL;34082
5MTI;34085
5MWQ;34087
5MWV;34088
5MWW;34089
5MXL;34090
5MXS;34091
5MXT;34092
5MYE;34093
5N14;34094
5N2O;34095
5N5A;34098
5N5B;34099
5N6R;34101
5N7Y;34102
5N8L;34103
5N8M;34104
5N9Q;27034
5N9U;34105
5N9V;34106
5NAM;34108
5NAO;34109
5NB9;34110
5NBB;34111
5NCA;34112
5NCE;34113
5NDA;34114
5NF8;34115
5NHQ;34116
5NIQ;34119
5NKO;34120
5NMY;34121
5NOC;34122
5NPA;34123
5NPG;34124
5NPN;5989
5NQ4;34125
5NR5;34126
5NR6;34127
5NVB;34129
5NVP;34130
5NWM;34131
5NWU;34132
5NWV;34133
5NWW;34134
5NZ9;34138
5O1Q;34139
5O1T;34140
5O2M;34141
5O2P;34142
5O2Q;34143
5O2V;34144
5O2Y;26919
5O57;34146
5O6F;26802
5O7J;26840
5O9B;34149
5OAO;34151
5OAP;34152
5OAY;34153
5OB4;34154
5OBN;34155
5ODD;25493
5OEK;34160
5OEO;34161
5OGU;34163
5OHD;34164
5OJT;34165
5OLF;34166
5OMZ;34167
5OQK;34169
5OQS;34170
5OR5;34172
5OUN;34173
5OVM;34175
5OWI;27242
5OWJ;27242
5SXY;30153
5SYQ;30154
5SZW;30155
5T0X;30156
5T17;30157
5T1N;30158
5T1O;30159
5T3M;30160
5T3Y;30161
5T42;30162
5T43;30163
5T4R;30164
5T56;30165
5T6T;30167
5T6V;30168
5T7C;18627
5T7Q;30170
5T82;30171
5T8A;30172
5TBG;30176
5TBN;30177
5TBQ;30178
5TBR;30179
5TCE;30180
5TCZ;30181
5TGW;30185
5TGY;30186
5TJ1;30188
5TLR;30190
5TM0;26821
5TMX;30192
5TN0;30193
5TN2;30194
5TP5;30195
5TP6;30196
5TR5;30197
5TTB;30199
5TTT;30200
5TVZ;30201
5U3H;30205
5U4K;26867
5U5S;30206
5U6H;30207
5U6L;30208
5U87;30209
5U9B;30210
5U9Q;30211
5U9R;30212
5U9S;30213
5U9V;30214
5U9X;30215
5U9Y;30216
5UA6;30217
5UA7;30218
5UA8;30219
5UB0;30220
5UBS;30221
5UCE;30222
5UCF;30223
5UE2;25485
5UE5;25485
5UG3;30225
5UG5;30226
5UHU;26750
5UI6;30229
5UI7;30230
5UJ5;30231
5UJG;30232
5UJH;30233
5UJL;30234
5UJN;30234
5UJQ;30235
5UJR;30236
5UKE;30237
5UKZ;30238
5UNK;30239
5UOI;30240
5UP1;30241
5UP5;30242
5URN;30243
5US3;30244
5US5;30245
5UTG;30246
5UTV;30247
5UY2;30248
5UYO;30249
5UZL;30256
5V0Y;30259
5V11;30260
5V1E;30263
5V2B;30265
5V4C;30270
5V4U;30271
5VAV;30274
5VEY;30275
5VF0;30276
5VFW;30281
5VJ8;30284
5VKG;30285
5VKV;30286
5VL6;30287
5VLN;30288
5VNT;30289
5VO7;30290
5VR1;30291
5VR5;30292
5VSO;30293
5VTO;30295
5VWE;30296
5VWL;30297
5VX7;30298
5VZM;30300
5W0Y;30301
5W3G;30303
5W4S;30305
5W54;30306
5W72;30307
5W88;30308
5W8Y;30309
5W8Z;30310
5W96;30311
5W9F;30312
5WAH;30313
5WBT;30314
5WCL;30308
5WCV;30315
5WDZ;30316
5WE3;30317
5WLP;27081
5WLX;30318
5WOE;30321
5WOT;30322
5WOV;30323
5WOW;30324
5WOX;30325
5WOY;30326
5WOZ;30327
5WQZ;36037
5WRX;36038
5WUZ;36040
5WXE;36041
5WYE;36044
5WYO;36045
5X0S;36047
5X1X;36048
5X29;36049
5X34;36050
5X35;36051
5X36;36052
5X37;36053
5X38;36054
5X39;36055
5X3C;36056
5X3L;36057
5X3Y;36058
5X3Z;36059
5X4F;36060
5X5S;36061
5X9X;36064
5XBD;36066
5XDI;36068
5XE4;36070
5XEE;36071
5XHT;36075
5XI9;36077
5XIR;36078
5XIV;36079
5XJK;36080
5XK4;36081
5XK5;36082
5XM4;36083
5XME;36084
5XN4;36085
5XND;36086
5XNG;36087
5XQM;36096
5XR1;36097
5XRX;36098
5XV8;36101
5XZK;36103
5Y0H;36105
5Y0I;36106
5Y0J;36107
5Y22;36109
5Y3U;36110
5Y4B;36111
5Y70;36112
5Y95;27227
5YDX;36114
5YDY;36115
5YFG;36117
5YI4;36119
5YKK;36124
5YKL;36125
5YKQ;36126
5YQ3;36129
5YXI;36136
5YZ6;36142
5YZ9;36143
5Z1Y;36146
5Z26;36147
5Z2O;36148
5Z31;36149
5Z32;36150
5Z5Q;36157
5Z5R;36158
5Z8I;36161
5Z8Q;36162
5Z9C;36163
5ZAZ;36165
5ZB6;16864
5ZCN;36167
5ZCZ;27354
5ZD0;27356
5ZFO;36171
5ZGG;36172
5ZMB;36175
5ZMR;36176
5ZNU;36177
5ZOR;36179
5ZPV;36180
5ZR0;36181
5ZUH;36185
5ZUX;36186
5ZUZ;36187
6AHZ;36207
6ALI;19938
6ALK;25590
6ALY;30330
6AMR;19452
6AMV;30331
6AMW;30332
6AP5;30334
6AWK;30337
6AX2;30339
6AX5;27243
6AXI;30341
6AZF;30343
6AZG;30344
6B1G;30345
6B34;30346
6B35;30347
6B3N;30348
6B3U;30349
6B7G;27271
6B9K;30350
6B9W;30351
6BA3;30352
6BA6;30353
6BAM;30354
6BB6;30354
6BEO;30358
6BET;30362
6BEU;30363
6BF2;30150
6BGG;30367
6BGH;30368
6BHN;26582
6BHO;26577
6BI6;30370
6BJF;30371
6BL9;30372
6BNH;30373
6BP9;30374
6BQI;30375
6BQS;27313
6BR0;30376
6BTV;30377
6BUC;30378
6BUT;27095
6BV7;30379
6BVU;30380
6BVW;30381
6BVX;30382
6BVY;30383
6BX9;30385
6BYV;30388
6BZJ;30389
6BZK;30390
6BZL;30391
6C00;27349
6C0A;25902
6C2U;30394
6C2V;30395
6C41;30396
6C8U;30398
6CAH;30399
6CC9;30400
6CCH;30401
6CCJ;27396
6CCX;30403
6CE5;30404
6CEG;30405
6CEI;30406
6CEJ;30407
6CFA;30408
6CGH;30410
6CGW;30411
6CGX;30412
6CHC;30413
6CIV;30414
6CIX;30415
6CJ8;30416
6CJD;30417
6CJZ;30418
6CKD;30419
6CKF;30420
6CKQ;30421
6CKU;30422
6CKV;30423
6CL3;30424
6CLZ;30425
6CM1;30426
6CMY;30101
6CO4;25979
6COO;30427
6COP;30428
6COQ;30429
6COR;30430
6COS;30431
6COT;30432
6COU;30433
6COV;30434
6COW;30435
6CPI;30436
6CPJ;30437
6CPK;30438
6CRL;27313
6CSK;30439
6CSZ;30440
6CT1;30441
6CT4;30442
6CTG;30443
6CUC;27433
6CUI;30444
6CUS;30404
6CV8;30404
6CW4;30404
6CWS;30445
6CXN;30446
6CXP;30447
6CXQ;30448
6CXR;30449
6D2H;30451
6D37;30453
6D3T;30454
6D6S;30456
6D6X;30457
6D74;30458
6D8H;30459
6D8Q;30460
6D8R;30461
6D8S;30462
6D8T;30463
6D8U;30464
6D8Y;30465
6D93;30466
6D9O;30467
6D9P;30468
6DG1;30469
6DHR;30470
6DL4;30471
6DMP;30474
6DMZ;30475
6DNY;30476
6DO6;30477
6DO7;30478
6DRF;27305
6DRG;30478
6DRI;30479
6DSL;30480
6DST;30481
6DUU;30483
6DZ9;30486
6DZA;30487
6DZB;30488
6DZC;30489
6DZE;30490
6E1L;30232
6E25;30491
6E26;30492
6E3C;27435
6E4H;30493
6E4J;30494
6E5C;30495
6E5H;30496
6E5I;30497
6E5J;30498
6E5K;30499
6E5N;30500
6E83;30501
6E8W;30503
6E98;30504
6E9M;30505
6EE9;30507
6EFE;30508
6EHZ;34176
6EKA;34178
6EMO;34179
6EMP;34180
6EMQ;34181
6EMR;34182
6ENA;34183
6EQY;34184
6ER0;34185
6ES5;34187
6ES6;34188
6ES7;34189
6ESP;34190
6EVI;34191
6EWS;34193
6EWT;34194
6EWU;34195
6EWV;34196
6EY3;34198
6EZ4;34200
6F0Y;34201
6F24;34202
6F27;34203
6F2X;34300
6F3K;27211
6F46;27316
6F55;34211
6F61;34212
6F7M;34213
6F7N;34214
6F7O;34215
6F8E;34216
6F98;34217
6F99;34218
6F9A;34219
6FBL;34220
6FCE;34222
6FD7;19758
6FDP;34223
6FDT;34224
6FE6;34225
6FEH;34226
6FFQ;34227
6FFU;34229
6FGM;27357
6FGN;34231
6FGP;34232
6FGS;34233
6FI7;34234
6FIP;34235
6FNV;34236
6FS4;34237
6FS5;34238
6FTK;34239
6FVC;34240
6FW4;25689
6FWN;34243
6FZK;34246
6G03;34247
6G04;34248
6G4A;34249
6G4I;34250
6G4K;34251
6G4U;34252
6G4V;34253
6G4X;34254
6G5R;34255
6G5S;34256
6G7G;27439
6G81;34257
6G8O;27432
6G99;34258
6GBD;16879
6GBE;16879
6GBM;34259
6GC3;34260
6GCJ;19782
6GD5;34261
6GDK;34262
6GDL;34263
6GDZ;34264
6GE2;34266
6GF2;27466
6GFT;34267
6GGZ;34268
6GIF;34270
6GIG;34271
6GIK;34273
6GMS;18823
6GNZ;34278
6GO0;34279
6GQ9;34281
6GRV;34282
6GS5;34283
6GS9;34284
6GSE;34285
6GSF;34286
6GT7;34287
6GV6;34288
6GV7;34289
6GVQ;34290
6GVT;34290
6GVU;34291
6GW7;34292
6GW8;34293
6GWM;34294
6GWX;34295
6H0I;34298
6H0J;34299
6H0Q;34301
6H3E;34303
6H5H;34304
6H7I;34305
6H7Q;34306
6H8C;34307
6HD2;34308
6HH0;34309
6HKC;27581
6HN9;34313
6HNE;34314
6HNF;27610
6HPI;26780
6HPJ;34317
6HQ1;34318
6HT4;30037
6HVB;34319
6HVC;34319
6HVK;34320
6HZ2;34322
6I2O;34325
6I3R;34326
6I57;34329
6I9B;27666
6I9F;18632
6I9H;34330
6IB6;34333
6IJQ;36133
6IVS;36220
6IVU;36221
6J12;36228
6K59;36258
6K8Q;36264
6KBO;36265
6KBV;36266
6KLM;36273
6KR8;36284
6LAG;36299
6LQZ;36309
6M3N;36320
6M56;36321
6MBM;30509
6MCE;30510
6MCF;30511
6MF8;30513
6MG9;30514
6MI5;30515
6MI9;30516
6MIE;30517
6MIF;30518
6MJV;30520
6MK4;30521
6MK5;30522
6MK7;30523
6MM4;30525
6MNT;25263
6MPO;26844
6MPP;27632
6MSP;30527
6MUN;30528
6MV3;30529
6MW6;30530
6MWM;30531
6MY1;30534
6MY2;30535
6MY3;30536
6MZA;30537
6MZT;30538
6N2M;30543
6NAN;27051
6NBN;30550
6NE8;30551
6NFW;27506
6NHW;30553
6NHY;30554
6NJF;30532
6NK9;30555
6NL3;30556
6NM2;30557
6NM3;30558
6NNB;30559
6NOM;30561
6NOX;30562
6NS8;30494
6NU0;12032
6NU4;30565
6NUG;30566
6NUI;27151
6NVZ;30567
6NW8;30568
6NX4;30569
6NZ2;30570
6NZL;30571
6O0C;30573
6O0I;30574
6O1Q;30575
6O3Q;30579
6O3S;30580
6O6I;30583
6O6W;30584
6O7G;30585
6O8J;30586
6O8P;30586
6O8R;30587
6O8S;30588
6OB1;30590
6OBK;30592
6OBW;30593
6OC2;30594
6OC4;30595
6OCV;27284
6OFA;30597
6OH1;27839
6OHX;30598
6OKX;30599
6OKY;30600
6OLD;30601
6OQ2;30602
6OQ9;30603
6OQH;30604
6OQJ;30605
6OQK;30606
6OQP;30607
6OSW;30608
6OVC;30610
6OWR;30611
6P6B;30613
6P6C;30614
6PI2;30617
6PI3;30618
6PIN;30619
6PIO;30620
6PIP;30621
6PMG;30623
6POR;30625
6PPC;30626
6PPT;30627
6PQ2;30628
6PQE;30629
6PQM;30632
6PQT;30633
6PRI;30634
6PRJ;30635
6PRP;30636
6PRQ;30637
6PSI;30638
6PTS;30639
6PTW;30640
6PV0;30641
6PV1;30642
6PV2;30643
6PV3;30644
6PX7;30647
6PX8;30648
6Q08;30650
6Q1X;30651
6Q2I;30652
6Q2Z;34334
6Q44;27146
6Q5Z;34335
6Q6E;34336
6Q8L;34337
6QAM;34338
6QAN;34339
6QAX;34340
6QAY;34341
6QB0;34342
6QB1;34343
6QBI;34344
6QBJ;27730
6QBK;34345
6QBL;34346
6QBZ;27085
6QEB;34347
6QES;34348
6QET;34349
6QEU;34350
6QF8;34351
6QFP;25277
6QH2;34352
6QJB;34354
6QJY;27683
6QKF;34357
6QKP;34358
6QKQ;34359
6QS0;34361
6QTC;34362
6QWR;34365
6QXB;34366
6QXC;34367
6QXZ;27251
6QYU;34372
6QYV;34373
6R0J;34376
6R1V;34379
6R28;34380
6R2X;34381
6R3C;34383
6R5G;34384
6R8D;34385
6R8N;27211
6R95;34387
6R96;34388
6RC7;34392
6RFM;34393
6RH5;34394
6RH6;34395
6RHY;34396
6RK3;27503
6RPV;34399
6RQS;34400
6RRL;34401
6RRO;34402
6RSF;34404
6RSG;34405
6RSM;34406
6RSS;34407
6RVA;34408
6RWG;34409
6RY9;34410
6RYQ;34411
6RZ1;34412
6RZC;34413
6S0N;34414
6S10;27453
6S2D;34416
6S3W;27397
6SAA;34417
6SAB;34418
6SAI;34419
6SAP;27977
6SCW;34420
6SDW;34421
6SDY;34422
6SGO;34423
6SJW;26530
6SJX;34424
6SLY;34425
6SNJ;34427
6SO0;27277
6SO9;34428
6SOE;34429
6SOW;34430
6SVC;34432
6SVE;34433
6SVH;34434
6SY2;34437
6SZC;34439
6SZF;34440
6T33;50027
6T3I;34442
6TAZ;34443
6TDD;34446
6TDM;34447
6TDN;34448
6TEY;34449
6TG5;34451
6TH8;34452
6THI;34453
6TIQ;34457
6TIR;34457
6TJ3;34459
6TK0;34460
6TKT;50088
6TL0;34461
6TO6;34462
6TOB;34463
6TPB;34464
6TR0;34466
6TR8;28052
6TRM;34468
6TRP;34469
6TT6;34470
6TT8;34471
6TTA;26952
6TTC;34472
6TVM;34475
6TWE;19984
6TXT;34477
6TZE;30653
6U19;27875
6U24;30654
6U3R;30655
6U3S;30656
6U46;30657
6U4M;30658
6U4N;30659
6U6G;30660
6U6P;30661
6U6Q;30662
6U6R;30663
6U6S;30664
6U7Q;30666
6U7R;30667
6U7S;30668
6U7U;30669
6U7W;30670
6U7X;30671
6UCH;30672
6UCJ;50007
6UCK;50007
6UCO;30673
6UCP;30674
6UF2;30676
6UHW;30677
6UJU;30678
6UJV;30503
6UM9;30679
6URP;16667
6URS;30680
6UT2;30681
6UX5;30682
6UXS;30683
6UYI;28042
6UYJ;28042
6UZ4;30686
6UZ5;30687
6UZJ;16141
6UZJ;30684
6V1N;30690
6V1W;30691
6V4T;30503
6V5D;30693
6V5L;30694
6V6T;30695
6V88;30696
6VE9;30702
6VED;30703
6VEE;30704
6VFO;30705
6VG7;30706
6VGA;30707
6VGB;30708
6VGT;30710
6VH8;30711
6VHJ;30712
6VJQ;30714
6VK2;27781
6VLA;30717
6VLJ;30718
6VNZ;30719
6VPN;30720
6VTI;30722
6VXW;30727
6VY7;30728
6VY8;30729
6W4E;30734
6W4F;30735
6W9N;30736
6WA3;30738
6WA4;30739
6WA5;30740
6WPV;30747
6WQE;27284
6WQJ;30748
6WQL;30749
6WQR;30750
6X4X;30755
6X7I;30757
6X8R;30758
6XEH;30763
6XFL;30765
6XR6;30770
6XRY;30773
6XTH;34478
6XTI;34479
6XTT;34480
6XWI;34481
6XXU;28028
6XYV;34487
6Y06;34488
6Y07;34489
6Y1H;34490
6Y1Q;34491
6Y4H;34492
6Y6M;34493
6Y8V;34494
6Y8W;34495
6Y94;34496
6Y95;34497
6Y96;34498
6YDH;34500
6YEL;50114
6YHZ;50219
6YI2;50218
6YI3;34511
6YQ5;27468
6YTC;34514
6YTS;27989
6Z0G;50263
6Z0H;50264
6Z0I;50265
6Z5N;50167
6ZLE;34526
6ZPR;34528
6ZSO;34531
6ZSS;34532
6ZTG;34534
6ZZE;34547
6ZZF;34548
7A2D;34552
7A4L;34487
7A58;34487
7ACS;34511
7ACT;34511
7AEP;34560
7ALD;34564
7ASY;34567
7AT7;34568
7ATB;34569
7ATY;34570
7B3J;34577
7B3K;34578
7B7O;34582
7BW5;36343
7BWI;36345
7HSC;4497
7HSC;4599
7JGI;30774
7JGX;30775
7JH1;30777
7JHF;30778
7JK8;50411
7JN6;30783
7JNN;30784
7JVF;30713
7JXG;50269
7K1M;30792
7K1Q;30793
7K6B;30798
7K7A;30799
7KNV;30812
7KRB;30814
7L51;30827
7L53;30828
7L54;30829
7L55;30830
7L7A;30833
8TFV;4387
